-- MySQL dump 10.13  Distrib 8.0.27, for Win64 (x86_64)
--
-- Host: localhost    Database: gebiz
-- ------------------------------------------------------
-- Server version	8.0.27

/*!40101 SET @OLD_CHARACTER_SET_CLIENT=@@CHARACTER_SET_CLIENT */;
/*!40101 SET @OLD_CHARACTER_SET_RESULTS=@@CHARACTER_SET_RESULTS */;
/*!40101 SET @OLD_COLLATION_CONNECTION=@@COLLATION_CONNECTION */;
/*!50503 SET NAMES utf8 */;
/*!40103 SET @OLD_TIME_ZONE=@@TIME_ZONE */;
/*!40103 SET TIME_ZONE='+00:00' */;
/*!40014 SET @OLD_UNIQUE_CHECKS=@@UNIQUE_CHECKS, UNIQUE_CHECKS=0 */;
/*!40014 SET @OLD_FOREIGN_KEY_CHECKS=@@FOREIGN_KEY_CHECKS, FOREIGN_KEY_CHECKS=0 */;
/*!40101 SET @OLD_SQL_MODE=@@SQL_MODE, SQL_MODE='NO_AUTO_VALUE_ON_ZERO' */;
/*!40111 SET @OLD_SQL_NOTES=@@SQL_NOTES, SQL_NOTES=0 */;

--
-- Table structure for table `agencies`
--

DROP TABLE IF EXISTS `agencies`;
/*!40101 SET @saved_cs_client     = @@character_set_client */;
/*!50503 SET character_set_client = utf8mb4 */;
CREATE TABLE `agencies` (
  `agency_id` int NOT NULL AUTO_INCREMENT,
  `agency_name` varchar(225) DEFAULT NULL,
  `parent_id` int DEFAULT NULL,
  `h_ps_id` int DEFAULT NULL,
  `created_at` timestamp NOT NULL DEFAULT CURRENT_TIMESTAMP,
  `updated_at` timestamp NOT NULL DEFAULT CURRENT_TIMESTAMP,
  PRIMARY KEY (`agency_id`),
  UNIQUE KEY `agency_id_UNIQUE` (`agency_id`),
  UNIQUE KEY `agency_name_UNIQUE` (`agency_name`),
  KEY `fk_parent_id_idx` (`parent_id`),
  KEY `fk_h_ps_idx` (`h_ps_id`),
  CONSTRAINT `fk_h_ps` FOREIGN KEY (`h_ps_id`) REFERENCES `h_ps` (`h_ps_id`),
  CONSTRAINT `fk_parent_id` FOREIGN KEY (`parent_id`) REFERENCES `parent_agencies` (`parent_agency_id`)
) ENGINE=InnoDB AUTO_INCREMENT=72 DEFAULT CHARSET=utf8mb4 COLLATE=utf8mb4_0900_ai_ci;
/*!40101 SET character_set_client = @saved_cs_client */;

--
-- Dumping data for table `agencies`
--

LOCK TABLES `agencies` WRITE;
/*!40000 ALTER TABLE `agencies` DISABLE KEYS */;
INSERT INTO `agencies` VALUES (1,'Central Provident Fund Board',1,5,'2022-05-18 11:54:30','2022-05-18 11:54:30'),(2,'Republic Polytechnic',2,6,'2022-05-18 11:55:38','2022-05-18 11:55:38'),(3,'ISEAS-Yusuf Ishak Institute',2,6,'2022-05-18 11:55:38','2022-05-18 11:55:38'),(4,'National Library Board',3,7,'2022-05-31 10:08:27','2022-05-31 10:08:27'),(5,'Energy Market Authority of Singapore',NULL,NULL,'2022-05-31 10:18:32','2022-05-31 10:18:32'),(6,'Health Promotion Board',NULL,NULL,'2022-05-31 10:29:20','2022-05-31 10:29:20'),(7,'Casino Regulatory Authority',NULL,NULL,'2022-05-31 10:43:42','2022-05-31 10:43:42'),(8,'Ministry of Culture, Community and Youth - Ministry Headquarter',NULL,NULL,'2022-05-31 10:49:20','2022-05-31 10:49:20'),(9,'Jurong Town Corporation',NULL,NULL,'2022-05-31 10:54:52','2022-05-31 10:54:52'),(11,'National Parks Board',NULL,NULL,'2022-05-31 11:03:04','2022-05-31 11:03:04'),(12,'Ministry of Home Affairs-Ministry Headquarter',NULL,NULL,'2022-06-01 02:25:04','2022-06-01 02:25:04'),(13,'Ministry of Finance',11,1,'2022-06-01 02:25:28','2022-06-01 02:25:28'),(14,'Land Transport Authority',13,NULL,'2022-06-01 02:25:56','2022-06-01 02:25:56'),(15,'Civil Aviation Authority of Singapore',NULL,NULL,'2022-06-01 02:27:32','2022-06-01 02:27:32'),(16,'Enterprise Singapore',16,7,'2022-06-01 02:27:32','2022-06-01 02:27:32'),(17,'Government Technology Agency (GovTech)',NULL,NULL,'2022-06-01 02:27:57','2022-06-01 02:27:57'),(18,'Ministry of Manpower - Work Pass Division',NULL,NULL,'2022-06-01 02:28:12','2022-06-01 02:28:12'),(19,'Accounting and Corporate Regualatory Authority',11,7,'2022-06-01 02:28:37','2022-06-01 02:28:37'),(20,'Agency for Science, Technology and Research',16,NULL,'2022-06-01 02:29:03','2022-06-01 02:29:03'),(21,'Attorney-General\'s Chambers',4,NULL,'2022-06-01 02:29:21','2022-06-01 02:29:21'),(22,'Board of Architects',NULL,NULL,'2022-06-01 02:29:31','2022-06-01 02:29:31'),(23,'Building and Construction Authority',NULL,NULL,'2022-06-01 02:29:57','2022-06-01 02:29:57'),(25,'Economic Development Board',16,NULL,'2022-06-01 02:30:52','2022-06-01 02:30:52'),(27,'Government Technology Agency',17,9,'2022-06-01 02:32:21','2022-06-01 02:32:21'),(29,'Health Sciences Authority',12,10,'2022-06-01 02:33:15','2022-06-01 02:33:15'),(30,'Home Team Science and Technology Agency ',NULL,NULL,'2022-06-01 02:33:28','2022-06-01 02:33:28'),(31,'Housing and Development Board',10,7,'2022-06-01 02:33:58','2022-06-01 02:33:58'),(32,'Info-communications Media Development Authority',3,NULL,'2022-06-01 02:34:12','2022-06-01 02:34:12'),(33,'Inland Revenue Authority of Singapore',11,12,'2022-06-01 02:35:07','2022-06-01 02:35:07'),(34,'Institute of Technical Education',2,2,'2022-06-01 02:36:06','2022-06-01 02:36:06'),(35,'Maritime and Port Authority of Singapore',13,7,'2022-06-01 02:37:23','2022-06-01 02:37:23'),(36,'Ministry of Communications and Information',3,NULL,'2022-06-01 02:39:41','2022-06-01 02:39:41'),(38,'Ministry of Defence ',8,4,'2022-06-01 02:40:26','2022-06-01 02:40:26'),(39,'Ministry of Defence 6',8,4,'2022-06-01 02:41:08','2022-06-01 02:41:08'),(40,'Ministry of Education ',2,6,'2022-06-01 02:41:33','2022-06-01 02:41:33'),(41,'Ministry of Foreign Affairs ',6,3,'2022-06-01 02:42:19','2022-06-01 02:42:19'),(42,'Ministry of Health ',12,10,'2022-06-01 02:43:17','2022-06-01 02:43:17'),(43,'Ministry of Home Affairs',7,3,'2022-06-01 02:43:41','2022-06-01 02:43:41'),(50,'Ministry of Law',9,NULL,'2022-06-01 02:44:37','2022-06-01 02:44:37'),(51,'Ministry of Manpower',1,2,'2022-06-01 02:44:56','2022-06-01 02:44:56'),(52,'Ministry of Social and Family Development ',15,11,'2022-06-01 02:47:13','2022-06-01 02:47:13'),(53,'Ministry of Sustainability and the Environment',NULL,NULL,'2022-06-01 02:47:33','2022-06-01 02:47:33'),(54,'Ministry of Trade & Industry-Department of Statistics',NULL,NULL,'2022-06-01 02:47:33','2022-06-01 02:47:33'),(55,'Monetary Authority of Singapore',17,NULL,'2022-06-01 02:47:51','2022-06-01 02:47:51'),(56,'Nanyang Polytechnic',2,2,'2022-06-01 02:48:08','2022-06-01 02:48:08'),(57,'National Council of Social Service',15,11,'2022-06-01 02:48:40','2022-06-01 02:48:40'),(58,'National Environment Agency',14,7,'2022-06-01 02:49:10','2022-06-01 02:49:10'),(59,'National Heritage Board',NULL,NULL,'2022-06-01 02:49:18','2022-06-01 02:49:18'),(60,'National Research Foundation',17,NULL,'2022-06-01 02:49:41','2022-06-01 02:49:41'),(61,'People\'s Association ',5,NULL,'2022-06-01 02:49:51','2022-06-01 02:49:51'),(62,'Prime Minister\'s Office ',17,13,'2022-06-01 02:50:16','2022-06-01 02:50:16'),(63,'Prime Minister\'s Office-Public Service Division',NULL,NULL,'2022-06-01 02:50:23','2022-06-01 02:50:23'),(64,'Public Utilities Board',14,NULL,'2022-06-01 02:50:39','2022-06-01 02:50:39'),(65,'Sentosa Development Corporation',NULL,NULL,'2022-06-01 02:50:49','2022-06-01 02:50:49'),(66,'Singapore Customs',11,3,'2022-06-01 02:51:02','2022-06-01 02:51:02'),(67,'Singapore Food Agency',14,NULL,'2022-06-01 02:51:14','2022-06-01 02:51:14'),(68,'Singapore Land Authority',9,7,'2022-06-01 02:51:33','2022-06-01 02:51:33'),(69,'Singapore Polytechnic',2,2,'2022-06-01 02:51:47','2022-06-01 02:51:47'),(70,'Singapore Tourism Board',16,7,'2022-06-01 02:52:32','2022-06-01 02:52:32'),(71,'Temasek Polytechnic',2,2,'2022-06-01 02:52:48','2022-06-01 02:52:48');
/*!40000 ALTER TABLE `agencies` ENABLE KEYS */;
UNLOCK TABLES;

--
-- Table structure for table `financial_grades`
--

DROP TABLE IF EXISTS `financial_grades`;
/*!40101 SET @saved_cs_client     = @@character_set_client */;
/*!50503 SET character_set_client = utf8mb4 */;
CREATE TABLE `financial_grades` (
  `financial_grade_id` int NOT NULL AUTO_INCREMENT,
  `financial_grade_name` varchar(225) NOT NULL,
  `created_at` timestamp NOT NULL DEFAULT CURRENT_TIMESTAMP,
  `updated_at` timestamp NOT NULL DEFAULT CURRENT_TIMESTAMP,
  PRIMARY KEY (`financial_grade_id`),
  UNIQUE KEY `financial_id_UNIQUE` (`financial_grade_id`),
  UNIQUE KEY `financial_grade_UNIQUE` (`financial_grade_name`)
) ENGINE=InnoDB AUTO_INCREMENT=11 DEFAULT CHARSET=utf8mb4 COLLATE=utf8mb4_0900_ai_ci;
/*!40101 SET character_set_client = @saved_cs_client */;

--
-- Dumping data for table `financial_grades`
--

LOCK TABLES `financial_grades` WRITE;
/*!40000 ALTER TABLE `financial_grades` DISABLE KEYS */;
INSERT INTO `financial_grades` VALUES (1,'NA','2022-05-18 12:15:17','2022-05-18 12:15:17'),(2,'S2','2022-05-18 12:15:17','2022-05-18 12:15:17'),(3,'S3','2022-05-18 12:15:17','2022-05-18 12:15:17'),(4,'S4','2022-05-18 12:15:17','2022-05-18 12:15:17'),(5,'S5','2022-05-18 12:15:17','2022-05-18 12:15:17'),(6,'S6','2022-05-18 12:15:17','2022-05-18 12:15:17'),(7,'S7','2022-05-18 12:15:17','2022-05-18 12:15:17'),(8,'S8','2022-05-18 12:15:17','2022-05-18 12:15:17'),(9,'S9','2022-05-18 12:15:17','2022-05-18 12:15:17'),(10,'S10','2022-05-18 12:15:17','2022-05-18 12:15:17');
/*!40000 ALTER TABLE `financial_grades` ENABLE KEYS */;
UNLOCK TABLES;

--
-- Table structure for table `h_ps`
--

DROP TABLE IF EXISTS `h_ps`;
/*!40101 SET @saved_cs_client     = @@character_set_client */;
/*!50503 SET character_set_client = utf8mb4 */;
CREATE TABLE `h_ps` (
  `h_ps_id` int NOT NULL AUTO_INCREMENT,
  `h_ps_name` varchar(45) NOT NULL,
  `created_at` timestamp NULL DEFAULT CURRENT_TIMESTAMP,
  `updated_at` timestamp NULL DEFAULT CURRENT_TIMESTAMP,
  PRIMARY KEY (`h_ps_id`),
  UNIQUE KEY `h_ps_id_UNIQUE` (`h_ps_id`)
) ENGINE=InnoDB AUTO_INCREMENT=14 DEFAULT CHARSET=utf8mb4 COLLATE=utf8mb4_0900_ai_ci;
/*!40101 SET character_set_client = @saved_cs_client */;

--
-- Dumping data for table `h_ps`
--

LOCK TABLES `h_ps` WRITE;
/*!40000 ALTER TABLE `h_ps` DISABLE KEYS */;
INSERT INTO `h_ps` VALUES (1,'MOF','2022-05-31 12:23:19','2022-05-31 12:23:19'),(2,'L&E','2022-05-31 12:23:19','2022-05-31 12:23:19'),(3,'MHA','2022-05-31 12:23:19','2022-05-31 12:23:19'),(4,'MINDEF','2022-05-31 12:23:19','2022-05-31 12:23:19'),(5,'CPF','2022-06-01 02:17:31','2022-06-01 02:17:31'),(6,'L&E','2022-06-01 02:17:31','2022-06-01 02:17:31'),(7,'SG OTHERS','2022-06-01 02:17:31','2022-06-01 02:17:31'),(9,'SNDGO','2022-06-01 02:20:21','2022-06-01 02:20:21'),(10,'HEALTH','2022-06-01 02:20:21','2022-06-01 02:20:21'),(11,'MSF','2022-06-01 02:20:21','2022-06-01 02:20:21'),(12,'IRAS','2022-06-01 02:35:02','2022-06-01 02:35:02'),(13,'PMO','2022-06-01 02:50:07','2022-06-01 02:50:07');
/*!40000 ALTER TABLE `h_ps` ENABLE KEYS */;
UNLOCK TABLES;

--
-- Table structure for table `logins`
--

DROP TABLE IF EXISTS `logins`;
/*!40101 SET @saved_cs_client     = @@character_set_client */;
/*!50503 SET character_set_client = utf8mb4 */;
CREATE TABLE `logins` (
  `login_id` int NOT NULL AUTO_INCREMENT,
  `user_id` int NOT NULL,
  `login_attempt` int NOT NULL,
  `password_hash` varchar(225) NOT NULL,
  `password_hash2` varchar(225) DEFAULT NULL,
  `password_hash3` varchar(225) DEFAULT NULL,
  `created_at` timestamp NOT NULL DEFAULT CURRENT_TIMESTAMP,
  `updated_at` timestamp NOT NULL DEFAULT CURRENT_TIMESTAMP,
  PRIMARY KEY (`login_id`),
  UNIQUE KEY `login_id_UNIQUE` (`login_id`),
  KEY `fk_user_id_idx` (`user_id`),
  CONSTRAINT `fk_user_id` FOREIGN KEY (`user_id`) REFERENCES `users` (`userid`)
) ENGINE=InnoDB DEFAULT CHARSET=utf8mb4 COLLATE=utf8mb4_0900_ai_ci;
/*!40101 SET character_set_client = @saved_cs_client */;

--
-- Dumping data for table `logins`
--

LOCK TABLES `logins` WRITE;
/*!40000 ALTER TABLE `logins` DISABLE KEYS */;
/*!40000 ALTER TABLE `logins` ENABLE KEYS */;
UNLOCK TABLES;

--
-- Table structure for table `opportunities`
--

DROP TABLE IF EXISTS `opportunities`;
/*!40101 SET @saved_cs_client     = @@character_set_client */;
/*!50503 SET character_set_client = utf8mb4 */;
CREATE TABLE `opportunities` (
  `opportunity_id` int NOT NULL AUTO_INCREMENT,
  `opportunity_name` varchar(1000) DEFAULT NULL,
  `tender_no` varchar(225) DEFAULT NULL,
  `agency_id` int DEFAULT NULL,
  `published_date` date DEFAULT NULL,
  `planned_closed_date` date DEFAULT NULL,
  `extended_closed_date` date DEFAULT NULL,
  `offer_valid_days` int DEFAULT NULL,
  `procurement_type_id` int DEFAULT NULL,
  `envelope_bid` tinyint DEFAULT '0',
  `tender_type_id` int DEFAULT NULL,
  `wto_gpa` tinyint DEFAULT '0',
  `procurement_nature_id` int DEFAULT NULL,
  `procurement_method_id` int DEFAULT NULL,
  `request_proposal` tinyint DEFAULT '0',
  `financial_grade_id` int DEFAULT NULL,
  `procurement_category_sub_id` int DEFAULT NULL,
  `more_than_one_respond_item` tinyint DEFAULT '0',
  `tag_to_track` tinyint DEFAULT '0',
  `award_date` date DEFAULT NULL,
  `total_awarded_value` varchar(225) DEFAULT NULL,
  `created_at` timestamp NOT NULL DEFAULT CURRENT_TIMESTAMP,
  `updated_at` timestamp NOT NULL DEFAULT CURRENT_TIMESTAMP,
  PRIMARY KEY (`opportunity_id`),
  UNIQUE KEY `opportunity_id_UNIQUE` (`opportunity_id`),
  UNIQUE KEY `tender_no_UNIQUE` (`tender_no`),
  KEY `fk_agency_id_idx` (`agency_id`),
  KEY `fk_sub_id_idx` (`procurement_category_sub_id`),
  KEY `fk_procurement_type_idx` (`procurement_type_id`),
  KEY `fk_procurement_method_id_idx` (`procurement_method_id`),
  KEY `fk_financial_id_idx` (`financial_grade_id`),
  KEY `fk_procurement_nature_idx` (`procurement_nature_id`),
  KEY `fk_tender_types_idx` (`tender_type_id`),
  CONSTRAINT `fk_agency_id` FOREIGN KEY (`agency_id`) REFERENCES `agencies` (`agency_id`),
  CONSTRAINT `fk_financial_grade` FOREIGN KEY (`financial_grade_id`) REFERENCES `financial_grades` (`financial_grade_id`),
  CONSTRAINT `fk_procurement_method_id` FOREIGN KEY (`procurement_method_id`) REFERENCES `procurement_methods` (`procurement_method_id`),
  CONSTRAINT `fk_procurement_natures_id` FOREIGN KEY (`procurement_nature_id`) REFERENCES `procurement_natures` (`procurement_nature_id`),
  CONSTRAINT `fk_procurement_type_id` FOREIGN KEY (`procurement_type_id`) REFERENCES `procurement_types` (`procurement_type_id`),
  CONSTRAINT `fk_sub_id` FOREIGN KEY (`procurement_category_sub_id`) REFERENCES `procurement_category_sub` (`procurement_category_sub_id`),
  CONSTRAINT `fk_tender_types` FOREIGN KEY (`tender_type_id`) REFERENCES `tender_types` (`tender_type_id`)
) ENGINE=InnoDB AUTO_INCREMENT=131 DEFAULT CHARSET=utf8mb4 COLLATE=utf8mb4_0900_ai_ci;
/*!40101 SET character_set_client = @saved_cs_client */;

--
-- Dumping data for table `opportunities`
--

LOCK TABLES `opportunities` WRITE;
/*!40000 ALTER TABLE `opportunities` DISABLE KEYS */;
INSERT INTO `opportunities` VALUES (1,'Maintenance and Enhancement of Healthcare and Medical Insurance Systems','CPF000ETT20300030',1,'2020-12-29','2021-02-02','2021-02-09',0,1,0,1,0,1,1,0,10,1,1,1,'2021-07-06','354.5 ','2022-05-18 12:20:26','2022-05-18 12:20:26'),(2,'Framework Agreement for Change Management Consultancy Services','CPF000ETT20300032',1,'2021-01-04','2021-01-29',NULL,0,1,0,1,0,1,1,0,5,2,1,1,'2021-05-20','354.5 ','2022-05-18 12:27:49','2022-05-18 12:27:49'),(3,'Request for Proposal (RFP) for Online Engagement Strategy Development and Operational Support','CPF000ETT20300031',1,'2021-01-04','2021-02-04',NULL,0,1,0,1,0,1,1,0,6,3,1,1,'2021-05-31','912302','2022-05-18 12:44:08','2022-05-18 12:44:08'),(4,'Provision for the maintenance, support and professional services for the Online Academic Student Integrated System for 3 years with an option to extend for 2 years (OIS)','RPO000ETT21000028',2,'2021-07-15','2021-08-10','2021-08-16',0,1,0,1,0,1,1,0,8,1,1,1,NULL,NULL,'2022-05-18 12:51:41','2022-05-18 12:51:41'),(5,'To provision comprehensive end-to-end managed security services backed by 24/7 Security Operations Centre (SOC) for a period of twelve (12) months','ISE000ETQ21000014',3,'2021-07-19','2021-08-02',NULL,0,1,0,1,0,1,1,0,1,1,1,1,'2021-08-27','81760','2022-05-18 12:54:16','2022-05-18 12:54:16'),(6,'INVITATION TO TENDER FOR LINKED DATA MANAGEMENT SYSTEM AND DISCOVERY INTERFACE, FOR NATIONAL LIBRARY BOARD, SINGAPORE','NLB000ETT20300025',4,'2021-12-16','2021-02-19',NULL,0,1,0,1,0,1,1,0,5,1,1,1,'2021-07-12','3532178.57','2022-05-31 10:14:05','2022-05-31 10:14:05'),(7,'SUPPLY, DELIVERY, INSTALLATION, COMMISSIONING OF REAL-TIME INFORMATION DISPLAY SYSTEM (RTIDS) FOR ENERGY MARKET AUTHORITY AND 10 YEARS COMPREHENSIVE MAINTENANCE & SUPPORT SERVICES','EMA000ETT21000031',5,'2021-12-20','2022-01-17',NULL,90,3,0,2,1,2,4,0,10,1,1,NULL,'2022-03-16','6008000','2022-05-31 10:24:25','2022-05-31 10:24:25'),(8,'CIOO T44/21 Provision of Application Development and Maintenance Management Services','HPB000ETT21000044',6,'2021-12-23','2022-01-21',NULL,180,4,0,2,1,3,4,0,5,1,0,NULL,'2022-02-23',NULL,'2022-05-31 10:33:27','2022-05-31 10:33:27'),(9,'SUPPLY, DELIVERY, INSTALLATION, COMMISSIONING AND MAINTENANCE OF ONE-WAY DATA TRANSFER INFRASTRUCTURE SYSTEM FOR THE CASINO REGULATORY AUTHORITY OF SINGAPORE','CRA000ETT22000001',7,'2022-01-06','2022-02-03',NULL,90,4,0,2,1,2,4,0,3,1,1,NULL,'2022-03-16','129672.5','2022-05-31 10:45:50','2022-05-31 10:45:50'),(10,'Provision of Application Maintenance and Support Services for MCCY’s Application Systems and Websites','CCY000ETT22000003',8,'2022-02-22','2022-03-18','2022-04-11',90,4,0,2,1,2,4,0,8,1,1,NULL,NULL,NULL,'2022-05-31 10:51:25','2022-05-31 10:51:25'),(11,'Engagement of Services for the Implementation and Maintenance of Secure Electronic Signature (SES) Digital Signature System','JTC000ETT22000028',9,'2022-02-25','2022-03-23','2022-03-28',90,4,0,2,1,2,4,0,5,1,1,0,NULL,NULL,'2022-05-31 10:56:10','2022-05-31 10:56:10'),(12,'INVITATION TO TENDER FOR AGILE DEVELOPMENT, COMMISSIONING AND MAINTENANCE SUPPORT OF A SMART CONVERSATIONAL AGENT (CHATBOT) SYSTEM','NLB000ETT22000002',4,'2022-03-08',NULL,'2022-04-11',90,4,0,2,1,2,4,0,NULL,1,1,0,NULL,NULL,'2022-05-31 11:02:16','2022-05-31 11:02:16'),(13,'PROVISION OF AGILE APPLICATION DEVELOPMENT AND MAINTENANCE SERVICES FOR AVS, PLANT HEALTH AND WILDLIFE MANAGEMENT SYSTEM (MAVEN II AVS)',NULL,11,'2022-03-16','2022-04-11',NULL,120,4,0,2,1,2,4,0,8,1,1,0,NULL,NULL,'2022-05-31 11:04:13','2022-05-31 11:04:13'),(14,'An Open Tender for the design, development, supply, delivery, installation, integration, testing, training and commissioning of a fully operational Traffic Priority System with (2+2) Years of Comprehensive Maintenance','HOMHQ0ETT19300107',12,'2019-11-07','2020-01-23',NULL,270,3,1,2,1,3,4,0,NULL,1,1,0,'2022-03-09','9084217.5','2022-06-01 04:35:18','2022-06-01 04:35:18'),(15,'Invitation to Tender for Application Maintenance and Support Services for the Accountant-General’s Department (AGD)','FINAGDETT20300002',13,'2020-09-09','2020-10-16','2020-10-26',NULL,NULL,NULL,NULL,NULL,NULL,NULL,0,9,1,1,1,'2021-07-14','22174525.98','2022-06-01 04:41:05','2022-06-01 04:41:05'),(16,'Development, Operation & Maintenance Services of the Electronic Parking Central Computer System','LTA000ETT20300110',14,'2020-10-26','2021-01-04','2021-02-01',NULL,NULL,NULL,NULL,NULL,NULL,NULL,0,10,6,0,0,'2021-08-11','26426716','2022-06-01 05:17:37','2022-06-01 05:17:37'),(17,'The provision of agile application development and maintenance services for an IT system to support MOM and TAL entities in the management of disputes','MOMLRDETT20300002',51,'2020-11-02','2021-12-03','2021-01-04',NULL,NULL,NULL,NULL,NULL,NULL,NULL,0,9,1,0,0,'2021-09-30','43253949.5','2022-06-01 05:23:08','2022-06-01 05:23:08'),(18,'PROVISION, IMPLEMENTATION AND MAINTENANCE OF HOME TEAM MEDICAL INFORMATION SYSTEM','MHA00003000007538',43,'2020-11-26','2020-12-28','2021-01-18',NULL,NULL,NULL,NULL,NULL,NULL,NULL,0,9,6,1,0,'2021-09-27','17383440','2022-06-01 05:26:58','2022-06-01 05:26:58'),(19,'Provision of Consultancy Service','DEFNGPP7120101812',39,'2020-12-18','2021-01-22','2021-01-29',NULL,NULL,NULL,NULL,NULL,NULL,NULL,0,5,6,1,0,'2021-03-22','688750','2022-06-01 05:29:23','2022-06-01 05:29:23'),(20,'Development of System for Phase 3 and Maintenance of System for Phase 2 and 3 of the Inland Revenue Interactive Network 3 Programme','IRA000ETT20300016',33,'2020-12-21','2021-03-12','2021-03-26',NULL,NULL,NULL,NULL,NULL,NULL,NULL,0,1,1,1,0,'2021-10-29','196071786.12','2022-06-01 05:38:36','2022-06-01 05:38:36'),(21,'PROVISION OF AGILE CO-DEVELOPMENT AND ICT PROFESSIONAL SERVICES VIA GVT(T)19024 BULK TENDER FROM 1 FEB 21 TO 31 JAN 23 (PR201860)','noti',27,'2020-12-22','2021-01-08',NULL,NULL,NULL,NULL,NULL,NULL,NULL,NULL,0,1,2,1,0,'2021-01-29','9858240','2022-06-01 05:43:02','2022-06-01 05:43:02'),(22,'ITQ FOR THE SUPPLY AND DELIVERY OF THE SHAREABLE CONTENT OBJECT REFERENCE MODEL (SCORM) COURSEWARE CONTENT FOR AGC\'S LEARNING MANAGEMENT SYSTEM','AGC000ETQ21000001',21,'2021-01-04','2021-01-12',NULL,NULL,NULL,NULL,NULL,NULL,NULL,NULL,0,NULL,1,1,0,'2021-04-07','28500','2022-06-01 05:45:04','2022-06-01 05:45:04'),(23,'ITT for the Agile Application Development And Maintenance Services for the Subvention System (SuSY) for MOH','HLTHQ0ETT20300172',42,'2021-01-05','2021-02-01','2021-02-22',NULL,NULL,NULL,NULL,NULL,NULL,NULL,0,8,1,1,0,'2021-09-09','17379846','2022-06-01 05:51:59','2022-06-01 05:51:59'),(24,'TRAINING MANAGEMENT SYSTEM (TMS) AS A SOFTWARE AS A SERVICE (SAAS) FOR FIVE POLYTECHNICS AND ITE',NULL,71,'2021-01-06','2021-03-01','2021-03-15',NULL,NULL,NULL,NULL,NULL,NULL,NULL,0,9,1,1,0,'2021-09-24','37152823.8','2022-06-01 05:55:38','2022-06-01 05:55:38'),(25,'INVITATION TO QUOTE FOR THE PROVISION OF PROFESSIONAL SERVICES FOR REVAMP OF THE PURCHASE REQUISITION APPROVAL SYSTEM (PRAS) ON AN OUTSYSTEMS PLATFORM ON THE GOVERNMENT COMMERCIAL CLOUD (GCC)','NST000ETQ21000004',20,'2021-01-08','2021-01-19',NULL,NULL,NULL,NULL,NULL,NULL,NULL,NULL,0,1,1,0,0,'2021-02-03','76200','2022-06-01 05:59:34','2022-06-01 05:59:34'),(26,'Maintenance Services for Smart Learning Space','NYP000ETQ21000002',56,'2021-01-08','2021-01-26',NULL,NULL,NULL,NULL,NULL,NULL,NULL,NULL,0,1,1,1,0,'2021-03-22','12100','2022-06-01 06:04:03','2022-06-01 06:04:03'),(27,'Provision of Consultancy services for business process reengineering (BPR) Study','SFA000ETT21000002',67,'2021-01-08','2021-02-02','2021-02-10',NULL,NULL,NULL,NULL,NULL,NULL,NULL,0,5,2,1,1,'2021-05-31','790000','2022-06-01 06:07:27','2022-06-01 06:07:27'),(28,'Invitation to Tender for the Provision of Services to Setup, Maintain and Manage an Operation Centre for the Administration of Government-Paid Leave Schemes (GPLS)','CDVHQ0ETT21000005',52,'2021-01-13','2021-02-08','2021-02-22',NULL,NULL,NULL,NULL,NULL,NULL,NULL,0,10,2,1,0,'2021-06-09','5431830','2022-06-01 06:13:03','2022-06-01 06:13:03'),(29,'IMPLEMENT AND MAINTENACE SERVICES FOR THE SYSTEM COMPRISING A CLOUD-BASED INTEGRATED FINANCE,HR & PAYROLL SYSTEM WITH INTERFACES WITH EXTERNAL SYSTEMS','PMOPSDETT21000001',62,'2021-01-15','2021-02-26','2021-03-05',NULL,NULL,NULL,NULL,NULL,NULL,NULL,0,10,1,1,0,'2021-08-24','25012084','2022-06-01 06:16:41','2022-06-01 06:16:41'),(30,'Provision Of HDB Data Centre Access Management System (DCAM)','HDB000ETT21000004',31,'2021-01-15','2021-02-10','2021-02-22',NULL,NULL,NULL,NULL,NULL,NULL,NULL,0,4,4,1,0,'2021-05-05','322560','2022-06-01 06:18:18','2022-06-01 06:18:18'),(31,'Invitation to Tender for the Supply, Delivery, Installation, Testing and Commissioning of a fully operational Foreign Worker Levy System (FWLS)','MOMWPDETT21000001',51,'2021-01-18','2021-02-18','2021-03-08',NULL,NULL,NULL,NULL,NULL,NULL,NULL,0,8,1,0,0,'2021-09-01','23261221','2022-06-01 06:21:24','2022-06-01 06:21:24'),(32,'Design and develop business intelligence resources to support the business objectives identified by IMDA','MDA000ETQ21000002',32,'2021-01-18','2021-01-26',NULL,NULL,NULL,NULL,NULL,NULL,NULL,NULL,0,1,1,1,0,'2021-04-18','80640','2022-06-01 06:25:52','2022-06-01 06:25:52'),(33,'Implementation and Sustainment of NS Hub IT Digital Services','DEFNGPP7120102029',39,'2021-01-18','2021-03-11',NULL,NULL,NULL,NULL,NULL,NULL,NULL,NULL,0,1,6,1,0,NULL,NULL,'2022-06-01 06:29:33','2022-06-01 06:29:33'),(34,'Tender for the provision of maintenance, support and professional services for Customer Relationship Management System for 4 years (OIS)','RPO000ETT21000002',2,'2021-01-20','2021-02-15','2021-02-22',NULL,NULL,1,NULL,NULL,NULL,NULL,0,5,1,1,0,'2021-07-07','586360','2022-06-01 06:32:04','2022-06-01 06:32:04'),(35,'SUPPLY, DELIVERY, INSTALLATION, TESTING AND COMMISSIONING OF AN ENTERPRISE BEHAVIOURAL ANALYTICS SYSTEM WITH OPTION FOR SUPPORT AND MAINTENANCE','MAS000ETT21000002',55,'2021-01-21','2021-02-22',NULL,NULL,NULL,NULL,NULL,NULL,NULL,NULL,0,6,4,1,0,'2021-05-24','1476497','2022-06-01 06:35:44','2022-06-01 06:35:44'),(36,'PROVISION OF A \"CLOUD ENGINE\" FOR THE INGESTION OF MULTIPLE DATA TYPE AND THE DEVELOPMENT OF DATA STANDARDS.','JTC000ETQ21000002',9,'2021-01-28','2021-02-09',NULL,NULL,NULL,NULL,NULL,NULL,NULL,NULL,0,1,1,0,0,'2021-03-17','54800','2022-06-01 06:38:21','2022-06-01 06:38:21'),(37,'ITT FOR THE APPOINTMENT OF A CONTRACTOR TO PROVIDE ENHANCEMENTS AND MAINTENANCE SUPPORT OF KIOSK PAYMENT GATEWAY AND OTHER IT APPLICATION SYSTEMS','NLB000ETT21000002',4,'2021-01-29','2021-03-01',NULL,NULL,NULL,NULL,NULL,NULL,NULL,NULL,0,5,1,1,0,'2021-03-01','999800','2022-06-01 06:41:54','2022-06-01 06:41:54'),(38,'FOR THE PROVISION OF AGILE APPLICATION DEVELOPMENT AND MAINTENANCE SERVICES FOR GRASSROOTS LEADER @ PEOPLE’S ASSOCIATION (GRL@PA)','PAS000ETT21000021',61,'2021-01-29','2021-03-15','2021-03-22',NULL,NULL,NULL,NULL,NULL,NULL,NULL,0,8,1,1,1,'2021-07-19','8097086','2022-06-01 06:44:06','2022-06-01 06:44:06'),(39,'COMPREHENSIVE MAINTENANCE OF INTEGRATED SECURITYMANAGEMENT SYSTEM (ISMS) TO CAMPUS FOR RESEARCH EXCELLENCE AND TECHNOLOGICAL ENTERPRISE (CREATE) FOR A BASE PERIOD OF TWO (02) YEARS WITH AN OPTION TO EXTEND FOR FURTHER THREE (03) YEARS','PMONRFETT21000001',60,'2021-01-29','2021-02-22',NULL,NULL,NULL,NULL,NULL,NULL,NULL,NULL,0,1,2,0,0,'2021-04-06','498919','2022-06-01 06:48:36','2022-06-01 06:48:36'),(40,'TENDER FOR THE SUPPLY, DELIVERY AND INSTALLATION OF COMMERCIAL CLOUD-BASED MEDIA ASSET MANAGEMENT (MAM) SYSTEM AT TEMASEK POLYTECHNIC','TPO000ETT21000004',71,'2021-02-01','2021-02-17',NULL,NULL,NULL,NULL,NULL,NULL,NULL,NULL,0,3,1,0,0,NULL,NULL,'2022-06-01 06:51:34','2022-06-01 06:51:34'),(41,'DESIGN, DEVELOPMENT, CUSTOMIZATION, DELIVERY, INSTALLATION, TESTING AND COMMISSIONING A NEW FULLY OPERATIONAL UNIFIED DATA ANALYTICS PLATFORM SYSTEM','ACR000ETT21000001',19,'2021-02-02','2021-03-03','2021-03-17',NULL,NULL,NULL,NULL,NULL,NULL,NULL,0,6,1,1,0,'2021-09-06','2321601','2022-06-01 06:54:03','2022-06-01 06:54:03'),(42,'FOR THE PROVISION OF THE DEVELOPMENT, DEPLOYMENT AND MAINTENANCE OF CENTRAL ACCOUNTS MANAGEMENT SYSTEM (PR210112)','GVT000ETT21000003',27,'2021-02-05','2021-03-05','2021-03-19',NULL,NULL,NULL,NULL,NULL,NULL,NULL,0,8,1,0,0,'2021-07-05','5146424','2022-06-01 06:59:43','2022-06-01 06:59:43'),(43,'Supply, Delivery, Development, Installation, Testing, and Commissioning of a Platform for Business Analytics with an option for Maintenance','MHA00003000008623',43,'2021-02-09','2021-03-19','2021-04-30',NULL,NULL,NULL,NULL,NULL,NULL,NULL,0,10,6,1,0,NULL,NULL,'2022-06-01 07:02:23','2022-06-01 07:02:23'),(44,'IT243-4 Consultancy Study for Procurement & Contract Enterprise Service System (PROCESS)','LTA000ERQ21000007',14,'2021-02-09','2021-03-05','2021-03-19',NULL,NULL,NULL,NULL,NULL,NULL,NULL,0,1,2,0,0,'2021-04-29','771520','2022-06-01 07:03:42','2022-06-01 07:03:42'),(45,'Scaling Up And Enhancement Of The Smart Hub For Selected Sensor Programmes And Smart Towns','HDB000ETT21000026',31,'2021-02-10','2021-03-19','2021-04-14',NULL,NULL,NULL,NULL,NULL,NULL,NULL,0,8,1,1,1,'2021-10-20','8113428','2022-06-01 07:05:31','2022-06-01 07:05:31'),(46,'INVITATION TO TENDER FOR THE SUPPLY, DELIVERY, INSTALLATION, TESTING, COMMISSIONING OF AN ENTERPRISE LOG MANAGEMENT SOLUTION (CSD/T/20/ELMS/SH/037)','MAS000ETT21000006',55,'2021-02-10','2021-03-12','2021-03-26',NULL,NULL,NULL,NULL,NULL,NULL,NULL,0,4,1,1,1,'2021-06-28','570800','2022-06-01 07:07:23','2022-06-01 07:07:23'),(47,'Budget Planning and Monitoring System','LTA000ETT21000013',14,'2021-02-19','2021-04-05','2021-05-03',NULL,NULL,NULL,NULL,NULL,NULL,NULL,0,1,1,0,0,NULL,NULL,'2022-06-01 07:11:36','2022-06-01 07:11:36'),(48,'INVITATION TO TENDER FOR THE PROVISION OF SOFTWARE-AS-A- SERVICE (SAAS) FOR FINANCE, BUDGETING AND PLANNING SYSTEM FOR HEALTH SCIENCE AUTHORITY','HSA000ETT21000009',29,'2021-02-25','2021-04-01',NULL,NULL,NULL,NULL,NULL,NULL,NULL,NULL,0,5,1,1,0,'2021-09-24','1028987.09','2022-06-01 07:13:49','2022-06-01 07:13:49'),(49,'INVITATION TO TENDER FOR AGGREGATED APPLICATION MAINTENANCE AND SUPPORT SERVICES FOR NCSS ICT SYSTEMS (Lee Lee)|50068','NCS000ETT21000002',57,'2021-02-26','2021-03-23','2021-04-14',NULL,NULL,NULL,NULL,NULL,NULL,NULL,0,7,1,1,0,'2021-07-05','4630612','2022-06-01 07:17:09','2022-06-01 07:17:09'),(50,'Provision of Video Content Analytics System','DEF000ETQ21000012',38,'2021-02-26','2021-03-09','2021-04-22',NULL,NULL,NULL,NULL,NULL,NULL,NULL,0,1,1,0,0,NULL,NULL,'2022-06-01 07:19:58','2022-06-01 07:19:58'),(51,'Provision of application software license and development, integration and maintenance of Content Management System (CMS)','HPB000ETT21000006',6,'2021-03-08','2021-04-05',NULL,NULL,NULL,NULL,NULL,NULL,NULL,NULL,0,6,1,1,0,'2021-06-02','1454028','2022-06-01 07:21:45','2022-06-01 07:21:45'),(52,'Provision of the application software maintenance & support services, cloud migration and related services for LEO 2 for a period of 3 + 2 years (OIS)','RPO000ETT21000006',2,'2021-03-08','2021-04-05',NULL,NULL,NULL,NULL,NULL,NULL,NULL,NULL,0,8,1,1,0,'2021-07-01','4902490.2','2022-06-01 07:25:47','2022-06-01 07:25:47'),(53,'Invitation to Quote for the Provision of Design Thinking Consultancy Services','CDVHQ0ETQ21000009',52,'2021-03-08','2021-03-17','2021-03-30',NULL,NULL,NULL,NULL,NULL,NULL,NULL,0,1,2,1,0,'2021-06-18','33200','2022-06-01 07:27:32','2022-06-01 07:27:32'),(54,'Tender for the Consultancy Services for CII Supply Chain Programme','ITA000ETT21000005',36,'2021-03-09','2021-03-26',NULL,NULL,NULL,NULL,NULL,NULL,NULL,NULL,0,5,2,0,0,NULL,NULL,'2022-06-01 07:36:36','2022-06-01 07:36:36'),(55,'Tender T01/2021 for the Study on the Singapore-Batam-Bintan-Karimun (SG-BBK) Logistics Ecosystem','EDB000ETT21000004',25,'2021-03-12','2021-03-25','2021-03-31',NULL,NULL,NULL,NULL,NULL,NULL,NULL,0,4,2,0,0,'2021-06-28','345000','2022-06-01 07:39:21','2022-06-01 07:39:21'),(56,'Provision Of Contact Centre Services For LTA Hotline','LTA000ETT21000030',14,'2021-03-26','2021-04-26','2021-05-03',NULL,NULL,NULL,NULL,NULL,NULL,NULL,0,8,6,0,0,'2021-09-02','15887430.76','2022-06-01 07:43:55','2022-06-01 07:43:55'),(57,'Whole of Government (WOG) Period Contract and Framework Agreement for Communications Campaigns (Creatives Services) - 2nd Edition','ITA000ETT21000007',36,'2021-04-07','2021-05-11','2021-05-12',NULL,NULL,NULL,NULL,NULL,NULL,NULL,0,4,2,0,0,NULL,NULL,'2022-06-01 08:30:36','2022-06-01 08:30:36'),(58,'Quotation - Implementation, maintenance and continuous improvement of OneNS Platform','DEFNGPP7120102737',39,'2021-04-08','2021-04-29','2021-05-17',NULL,NULL,NULL,NULL,NULL,NULL,NULL,0,1,6,1,0,'2021-09-18',NULL,'2022-06-01 08:32:32','2022-06-01 08:32:32'),(59,'Appointment of a Learning & Development Provider for STB Marketing College','STB000ETT21000013',70,'2021-04-15','2021-05-10',NULL,NULL,NULL,NULL,NULL,NULL,NULL,NULL,0,1,2,0,0,'2021-04-15','570877.4','2022-06-01 08:33:41','2022-06-01 08:33:41'),(60,'Supply of IT Services for System Implementation and Maintenance','CPF000ETT21000010',1,'2021-04-19','2021-05-25',NULL,NULL,NULL,NULL,NULL,NULL,NULL,NULL,0,7,2,1,1,'2021-08-03','23260','2022-06-01 08:41:20','2022-06-01 08:41:20'),(61,'Business Process Re-Engineering (BPR) Consultancy Project for the PACE (PACE) Academy, Singapore Polytechnic','SPO000ETT21000021',69,'2021-04-29','2021-05-24',NULL,NULL,NULL,NULL,NULL,NULL,NULL,NULL,0,4,2,0,0,'2021-08-30','249900','2022-06-01 08:47:03','2022-06-01 08:47:03'),(62,'INVITATION TO QUOTE FOR THE PROVISION OF MAINTENANCE SERVICES AND ENHANCEMENTS TO THE WEB ARCHIVE SINGAPORE PORTAL FOR NATIONAL LIBRARY BOARD','NLB000ETQ21000036',4,'2021-04-30','2021-05-14','2021-05-17',NULL,NULL,NULL,NULL,NULL,NULL,NULL,0,1,1,1,0,'2021-06-14','78000','2022-06-01 08:50:41','2022-06-01 08:50:41'),(63,'Invitation to Quote for the Support and Maintenance of Inventorisation System for the National Library Board','NLB000ETQ21000035',4,'2021-04-30','2021-05-14',NULL,NULL,NULL,NULL,NULL,NULL,NULL,NULL,0,1,1,1,0,'2021-06-24','71850','2022-06-01 08:54:34','2022-06-01 08:54:34'),(64,'Quotation For Renewal Of Maintenance Contract For Jobs Access & Management System (FY2021/Q017)','HDB000ETQ21000096',31,'2021-04-30','2021-05-14','2021-05-21',NULL,NULL,NULL,NULL,NULL,NULL,NULL,0,1,5,1,0,'2021-07-01','69422.53','2022-06-01 08:58:02','2022-06-01 08:58:02'),(65,'REVIEW OF IRAS’ JOB ARCHITECTURE Total Price for Validation of Workforce Distribution, Job Analysis and Evaluation and Review of Promotion and Remuneration Structures','IRA000ETT21000001',33,'2021-05-03','2021-05-31',NULL,NULL,NULL,NULL,NULL,NULL,NULL,NULL,0,4,2,0,0,'2021-09-09','494100','2022-06-01 09:00:55','2022-06-01 09:00:55'),(66,'Provision for services and platform for vulnerability reporting and testing (PR210725)','GVT000ETT21000010',27,'2021-05-04','2021-05-28',NULL,NULL,NULL,NULL,NULL,NULL,NULL,NULL,0,7,1,0,0,'2021-08-06','881568','2022-06-01 09:05:21','2022-06-01 09:05:21'),(67,'Study on the Impact of Key Trends on Manpower in Singapore\'s Food Manufacturing Sector','ESG000ETT21000007',16,'2021-05-04','2021-05-28',NULL,NULL,NULL,NULL,NULL,NULL,NULL,NULL,0,5,2,0,0,'2021-08-17','488000','2022-06-01 09:08:09','2022-06-01 09:08:09'),(68,'Provision of Smart Facilities Management Consultancy Services for Maritime and Port Authority of Singapore (MPA)\'s Premises','MPA000ETT21000019',35,'2021-05-04','2021-05-25','2021-06-01',NULL,NULL,NULL,NULL,NULL,NULL,NULL,0,3,2,0,0,'2021-09-06','138000','2022-06-01 09:14:56','2022-06-01 09:14:56'),(69,'ITQ FOR THE DEVELOPMENT OF A PILOT CLIENT SERVICES MANAGEMENT SYSTEM ON THE GOVERNMENT CLOUD ENVIRONMENT FOR THE ECONOMIC DEVELOPMENT BOARD (EDB)','EDB000ETQ21000004',25,'2021-05-07','2021-05-27',NULL,NULL,NULL,NULL,NULL,NULL,NULL,NULL,0,1,1,0,0,'2021-07-23','97200','2022-06-01 09:19:10','2022-06-01 09:19:10'),(70,'Consultancy Services for Fraud Risk Assessment','\nPUB000ETT21000095',64,'2021-05-07','2021-05-27',NULL,NULL,NULL,NULL,NULL,NULL,NULL,NULL,0,3,2,0,0,'2021-08-18','128000','2022-06-01 09:23:19','2022-06-01 09:23:19'),(71,'For the Provision of Integrated Self-Service Payment Kiosk System for Singapore Customs','FINCEDETT21000003',66,'2021-05-10','2021-06-03',NULL,NULL,NULL,NULL,NULL,NULL,NULL,NULL,0,8,1,1,0,NULL,NULL,'2022-06-01 09:27:40','2022-06-01 09:27:40'),(72,'Provision of Enterprise Risk Management Consultancy Services for Enterprise Singapore','ESG000ETT21000011',16,'2021-05-12','2021-05-31',NULL,NULL,NULL,NULL,NULL,NULL,NULL,NULL,0,3,2,0,0,'2021-07-15','78000','2022-06-01 09:31:14','2022-06-01 09:31:14'),(73,'INVITATION TO QUOTE FOR THE RENEWAL OF THE IBM MESSAGE QUEUE ADVANCED LICENSE SUPPORT','HSA000ETQ21000054',29,'2021-05-14','2021-05-24',NULL,NULL,NULL,NULL,NULL,NULL,NULL,NULL,0,1,5,1,0,'2021-05-27','43982.4','2022-06-01 09:34:33','2022-06-01 09:34:33'),(74,'Provision of Consultancy Services for Branding for HTX Innovation Centre','HTX000ETQ21000043',30,'2021-05-20','2021-06-04',NULL,NULL,NULL,NULL,NULL,NULL,NULL,NULL,0,1,2,1,0,'2021-07-23','83500','2022-06-01 09:37:17','2022-06-01 09:37:17'),(75,'Provision of Services to Upgrade the Geographical Information System Architecture and Application','PUB000ETT21000099',64,'2021-05-21','2021-06-17','2021-06-28',NULL,NULL,NULL,NULL,NULL,NULL,NULL,0,8,1,0,0,'2021-09-17','5538000','2022-06-01 09:41:23','2022-06-01 09:41:23'),(76,'Implementation and Maintenance of Integrated Queue Management System and Omni-Channel Appointment System','CPF000ETT21000014',1,'2021-05-21','2021-06-15','2021-06-22',NULL,NULL,NULL,NULL,NULL,NULL,NULL,0,6,1,1,1,'2021-10-12','482218','2022-06-01 09:43:40','2022-06-01 09:43:40'),(77,'Tender for The Supply, Delivery and Installation of Commercial Cloud-Based Media Asset Management (MAM) System at Temasek Polytechnic','TPO000ETT21000019',71,'2021-05-31','2021-06-14',NULL,NULL,NULL,NULL,NULL,NULL,NULL,NULL,0,2,1,0,0,'2021-08-17','241004','2022-06-01 09:48:10','2022-06-01 09:48:10'),(78,'INVITATION TO TENDER FOR THE PROVISION OF PROFESSIONAL SERVICES FOR THE ENTERPRISE DATA & KNOWLEDGE PLATFORM','MAS000ETT21000016',55,'2021-06-01','2021-06-22','2021-06-28',NULL,NULL,NULL,NULL,NULL,NULL,NULL,0,4,1,0,0,'2021-08-31','475600','2022-06-01 09:52:10','2022-06-01 09:52:10'),(79,'PROVISION OF AGILE APPLICATION DEVELOPMENT AND MAINTENANCE SERVICES FOR INTEGRATED REGULATORY INFORMATION SYSTEM','MDA000ETT21000013',32,'2021-06-03','2021-07-09','2021-07-23',NULL,NULL,NULL,NULL,NULL,NULL,NULL,0,8,1,1,0,NULL,NULL,'2022-06-01 09:55:02','2022-06-01 09:55:02'),(80,'PROVISION OF GENERIC APPLICATION SUPPORT FOR (3+3) YEARS','MHA00003000010059',43,'2021-06-03','2021-07-14','2021-07-28',NULL,NULL,NULL,NULL,NULL,NULL,NULL,0,9,6,1,0,NULL,NULL,'2022-06-01 09:58:33','2022-06-01 09:58:33'),(81,'Invitation to Tender for the Development, Implementation and Maintenance of SFA Food Handlers Digital Data Hub','SFA000ETT21000025',67,'2021-06-04','2021-07-02','2021-07-16',NULL,NULL,NULL,NULL,NULL,NULL,NULL,0,5,1,1,1,NULL,NULL,'2022-06-01 10:01:45','2022-06-01 10:01:45'),(82,'Q21a-00197_ITS_Design, Implement and Maintain a New Customer Relationship Management (CRM) System on Software-as-a-Service (SaaS) Cloud Platform','ITE000ETT21000016',34,'2021-06-04','2021-07-05','2021-07-19',NULL,NULL,NULL,NULL,NULL,NULL,NULL,0,6,1,1,1,NULL,NULL,'2022-06-01 10:06:19','2022-06-01 10:06:19'),(83,'Appointment Of A Panel Of Consultants To Provide Environmental Consulting Services And Conduct Environmental Site Assessments','SLA000ETT21000007',68,'2021-06-04','2021-06-29',NULL,NULL,NULL,NULL,NULL,NULL,NULL,NULL,0,NULL,NULL,0,0,'2021-09-27','2891221.24','2022-06-01 12:49:35','2022-06-01 12:49:35'),(84,'Supply, Development And Delivery Of One Leasing System With An Option For Maintenance Of The System','SLA000ETT21000008',68,'2021-06-07','2021-07-02',NULL,NULL,NULL,NULL,NULL,NULL,NULL,NULL,0,7,1,1,1,'2021-10-22','1926300','2022-06-01 12:59:27','2022-06-01 12:59:27'),(85,'Provision of consultancy services for tech for sustainability playbook, toolkit and workshops','MDA000ETQ21000013',32,'2021-06-07','2021-06-21',NULL,NULL,NULL,NULL,NULL,NULL,NULL,NULL,0,1,2,1,0,'2021-08-10','88000','2022-06-01 13:18:20','2022-06-01 13:18:20'),(86,'PROVISION OF CONSULTANCY SERVICES TO DEVELOP BUSINESS CONTINUITY MANAGEMENT SYSTEMS (BCMS) FOR THE TREASURY','FINHQ0ETQ21000004',13,'2021-06-07','2021-06-18','2021-06-23',NULL,NULL,NULL,NULL,NULL,NULL,NULL,0,1,2,0,0,'2021-11-18','18000','2022-06-01 13:32:14','2022-06-01 13:32:14'),(87,'Consultancy Study for the Design and Assessment of a Beverage Containers Return Scheme for Singapore','NEA000ETT21000052',58,'2021-06-08','2021-07-05','2021-07-12',NULL,NULL,NULL,NULL,NULL,NULL,NULL,0,4,2,1,1,'2021-09-30','690594','2022-06-01 13:42:54','2022-06-01 13:42:54'),(88,'INVITATION TO TENDER FOR THE DEVELOPMENT, MAINTENANCE AND SUPPORT SERVICES FOR CLAUSE AND DOCUMENT EXTRACTION TOOLS (CADET) SYSTEM','AGC000ETT21000004',21,'2021-06-09','2021-07-05','2021-07-19',NULL,NULL,NULL,NULL,NULL,NULL,NULL,0,6,1,1,1,'2021-11-28','2616961','2022-06-01 13:53:25','2022-06-01 13:53:25'),(89,'Provision Of Public Cloud Software As A Service For Delivery, Configuration, Testing, Commissioning, Subscription And Support Of A Talent Marketplace','PMOPSDETT21000003',63,'2021-06-14',NULL,'2021-07-23',120,4,0,2,1,3,4,0,7,1,1,0,'2022-02-23','6074600','2022-06-01 13:59:07','2022-06-01 13:59:07'),(90,'Provision of Implementation, maintenance, support and professional services for an Electronic Registry System Software as a service for 3+2 years','RPO000ETT21000016',2,'2021-06-15','2021-07-12','2021-07-26',NULL,NULL,NULL,NULL,NULL,NULL,NULL,0,7,1,1,0,'2021-12-07','3722677.05','2022-06-01 14:03:42','2022-06-01 14:03:42'),(91,'TENDER FOR THE CYBERSECURITY ECOSYSTEM LANDSCAPE STUDY','ITA000ETT21000017',36,'2021-06-21','2021-07-16',NULL,NULL,NULL,NULL,NULL,NULL,NULL,NULL,0,5,2,0,1,'2021-11-10','830000','2022-06-01 14:08:34','2022-06-01 14:08:34'),(92,'INVITATION TO TENDER FOR THE SUBSCRIPTION OF RESEARCH AND BUSINESS ADVISORY SERVICES ON BUSINESS PROCESS OUTSOURCING (BPO) AND SHARED SERVICES','FINVITETT21000008',13,'2021-06-22','2021-07-16',NULL,NULL,NULL,NULL,NULL,NULL,NULL,NULL,0,5,2,1,0,'2021-09-24','993000','2022-06-01 14:11:44','2022-06-01 14:11:44'),(93,'Tender for the Provision of Consultancy Services for Enterprise Transformation - Digitalisation Capability Project','NCS000ETT21000004',57,'2021-06-22',NULL,'2021-07-14',NULL,NULL,NULL,NULL,NULL,NULL,NULL,0,3,2,1,0,'2021-08-26','360000','2022-06-01 14:13:49','2022-06-01 14:13:49'),(94,'INVITATION TO TENDER FOR THE IMPLEMENTATION AND MAINTENANCE OF A COMMUNICATION AND NOTIFICATION PLATFORM','MAS000ETT21000018',55,'2021-06-23','2021-07-30','2021-08-13',NULL,NULL,NULL,NULL,NULL,NULL,NULL,0,5,1,1,0,NULL,NULL,'2022-06-01 14:17:10','2022-06-01 14:17:10'),(95,'ITQ for Consultancy Service for Establishment and Operation of a Digital Factory.','TPO000ETQ21000126',71,'2021-06-25','2021-07-05',NULL,NULL,NULL,NULL,NULL,NULL,NULL,NULL,0,1,2,0,0,'2021-07-26','70000','2022-06-01 14:19:46','2022-06-01 14:19:46'),(96,'Development of An Integrated Processing System with 5 Years Comprehensive Maintenance',' MHA00003000010261',43,'2021-06-30','2021-08-16','2021-08-27',NULL,NULL,NULL,NULL,NULL,NULL,NULL,0,10,6,1,0,NULL,NULL,'2022-06-01 14:22:13','2022-06-01 14:22:13'),(97,'Provision of Cybersecurity Incident Response Support Services','CAA000ETT21000061',15,'2021-07-05',NULL,'2021-07-21',90,4,0,2,0,3,4,0,3,2,0,0,'2022-02-17','200000','2022-06-01 14:24:37','2022-06-01 14:24:37'),(98,'INVITATION TO TENDER FOR THE DEVELOPMENT, SUPPLY, AND MAINTENANCE OF A SECURE DIGITAL PRESERVATION SYSTEM','NLB000ETT21000017',4,'2021-07-28','2021-09-08',NULL,90,4,0,2,1,3,4,0,7,1,1,0,'2022-02-10','4880120','2022-06-01 14:27:56','2022-06-01 14:27:56'),(99,'Provision of a Consolidated Application Systems Maintenance and Support Services','ESG000ETT21000015',16,'2021-07-30',NULL,'2021-09-03',120,4,0,2,1,3,4,0,8,1,0,0,'2022-01-11','4468540','2022-06-01 14:30:24','2022-06-01 14:30:24'),(100,'Invitation To Tender for the Provision of Upgrade, Application Maintenance and Support Services for Customer Feedback Management System (CFMS) for the Building & Construction Authority (BCA).','BCA000ETT21000025',23,'2021-07-30',NULL,'2021-09-03',180,4,0,2,1,3,4,0,5,1,1,0,'2022-01-24','1738000','2022-06-01 15:30:33','2022-06-01 15:30:33'),(101,'Design, Supply, Delivery, Installation, Testing and Commissioning of Integrated Port Operations System','MPA000ETT21000032',35,'2021-08-02','2021-08-27','2021-09-17',NULL,NULL,NULL,NULL,NULL,NULL,NULL,0,10,1,1,1,NULL,NULL,'2022-06-01 15:34:26','2022-06-01 15:34:26'),(102,'Invitation-to-Tender for the provision of application maintenance and administration services for IMDA application systems','MDA000ETT21000014',32,'2021-08-06','2021-08-31','2021-09-10',NULL,NULL,NULL,NULL,NULL,NULL,NULL,0,8,1,1,1,NULL,NULL,'2022-06-01 15:37:32','2022-06-01 15:37:32'),(103,'Fleet Management System for PUB Vehicles','PUB000ETT21000158',64,'2021-08-06','2021-09-02','2021-09-16',NULL,NULL,NULL,NULL,NULL,NULL,NULL,0,8,1,0,1,NULL,NULL,'2022-06-01 15:42:10','2022-06-01 15:42:10'),(104,'Tender for the provision, development, delivery, installation, testing and commissioning of a Grammar Error Detection and Correction engine(s) for a fully operational AI-enabled Automated Marking System for English Language Writing with an option to extend the provision and maintenance of the Solution.','MOE000ETT21000048',40,'2021-08-12','2021-09-06','2021-09-15',NULL,NULL,NULL,NULL,NULL,NULL,NULL,0,8,4,1,1,NULL,NULL,'2022-06-01 15:45:18','2022-06-01 15:45:18'),(105,'Engagement for squad(s) of specialist for the discovery for Social Service Net (SSNet) modernisation (PR211297)','GVT000ERQ21000039',27,'2021-08-20','2021-09-02','2021-09-09',NULL,NULL,NULL,NULL,NULL,NULL,NULL,0,1,1,0,0,NULL,NULL,'2022-06-01 15:46:53','2022-06-01 15:46:53'),(106,'FOR THE PROVISION OF AGILE APPLICATION DEVELOPMENT AND MAINTENANCE SERVICES FOR A NEW RECORDS MANAGEMENT SYSTEM (RMS) FOR THE MINISTRY OF SUSTAINABILITY AND THE ENVIRONMENT (MSE)','ENV000ETT21000002',53,'2021-08-24',NULL,'2021-10-04',90,4,0,2,1,3,4,0,6,1,1,0,'2022-03-16','4128358','2022-06-01 15:48:55','2022-06-01 15:48:55'),(107,NULL,'MDA000ETT21000015',32,'2021-08-24','2021-09-17','2021-09-24',NULL,NULL,NULL,NULL,NULL,NULL,NULL,0,8,2,0,0,NULL,NULL,'2022-06-01 15:52:56','2022-06-01 15:52:56'),(108,'Tender for Appointment of Vendor to Maintain and Manage Data Management Platform (DMP) Service','STB000ETT21000031',70,'2021-08-27','2021-09-27',NULL,NULL,NULL,NULL,NULL,NULL,NULL,NULL,0,4,1,1,1,'2021-12-01','510378','2022-06-01 15:56:25','2022-06-01 15:56:25'),(109,'Design, development, installation, testing, commissioning and maintenance of an Enterprise Content Management System (ECMS), and supply of Professional Services ','NST000ETT21000125',20,'2021-09-07',NULL,'2021-10-01',120,4,0,2,1,3,4,0,6,2,0,0,'2022-01-25','2310800','2022-06-01 15:58:17','2022-06-01 15:58:17'),(110,'Design, Supply, Installation, Configuration, Commissioning and Maintenance of an Analytics Sandbox Environment for CPIB','PMOCPIETT21000006',62,'2021-09-13','2021-10-11','2021-10-18',NULL,NULL,NULL,NULL,NULL,NULL,NULL,0,4,1,1,1,NULL,NULL,'2022-06-01 16:01:55','2022-06-01 16:01:55'),(111,'Invitation to Quote for User Experience Design (UXD) consultancy services for online form-filling assistant tool','LAWHQ0ETQ21000017',50,'2021-09-15','2021-09-28',NULL,NULL,NULL,NULL,NULL,NULL,NULL,NULL,0,1,2,1,1,'2021-10-29','43400','2022-06-01 16:03:54','2022-06-01 16:03:54'),(112,'ITT for the Provision of Manpower for Document Verification and Related Services for the Work Pass Division, Ministry of Manpower, for a Base Period of Three (3) Years with Options to Renew Up to Three (3) Years','MOMWPDETT21000003',18,'2021-10-11','2021-11-15',NULL,90,4,0,2,1,3,4,0,NULL,2,0,0,'2022-02-08','16303589.4','2022-06-01 16:05:55','2022-06-01 16:05:55'),(113,'Supply, Development and Delivery of a Fully Operational Land and Building Information System (LBIS)','SLA000ETT21000019',68,'2021-10-15',NULL,'2021-12-10',90,4,0,2,1,3,4,0,7,1,1,0,'2022-03-25','2533796','2022-06-01 16:08:41','2022-06-01 16:08:41'),(114,'Provision of MPA Integrated Human Resource Information System (iHRIS) Application Maintenance and Support Services for A Period of One Year with Option to Extend for Another Year at the Authority\'s Discretion ','MPA000ETT21000045',35,'2021-10-29',NULL,'2021-11-25',90,4,0,2,1,3,4,0,5,1,1,0,'2022-01-06','1231000','2022-06-01 16:10:43','2022-06-01 16:10:43'),(115,'ITQ for Provision of Artificial Intelligence Reply System (Proof of Concept)','MOMWPDETQ21000005',18,'2021-11-01','2021-11-22',NULL,90,4,NULL,2,NULL,3,2,0,NULL,2,0,0,'2022-02-22','84489.1','2022-06-01 16:12:38','2022-06-01 16:12:38'),(116,'FOR THE PROVISION OF CLOUD VIDEO EXCHANGE (CVX) PLATFORM APPLICATION DEVELOPMENT AND MAINTENANCE SERVICES ','GVT000ETT21000028',17,'2021-11-02','2021-12-10',NULL,90,4,0,2,1,3,4,0,5,1,1,1,'2022-02-14','1196160','2022-06-01 16:17:54','2022-06-01 16:17:54'),(117,'CONSULTANCY FOR AND PROVISION OF SENTOSA INSIGHTS AND ANALYTICS HUB IN GOVERNMENT COMMERCIAL CLOUD (GCC)','SDC000ETT21000034',65,'2021-11-18','2021-12-13',NULL,90,4,0,2,1,3,4,0,NULL,1,1,0,'2022-02-18','2000324','2022-06-01 16:20:39','2022-06-01 16:20:39'),(118,'Subscription Services to Implement and Maintain a Customisable and Automated Breach & Attack Simulation System for a period of up to Twelve (12) months (PR211961) ','GVT000ETQ21000062',17,'2021-12-01','2021-12-14',NULL,30,3,NULL,2,NULL,3,2,0,NULL,1,1,0,'2022-01-12','89649','2022-06-01 16:27:44','2022-06-01 16:27:44'),(119,'SUPPLY, DELIVERY, INSTALLATION, TESTING, COMMISSIONING OF A FULLY OPERATIONAL HOUSEHOLD EXPENDITURE SURVEY 2022/23 SYSTEM','TRADOSETT21000004',54,'2021-12-08','2022-01-17',NULL,120,4,0,2,1,3,4,0,6,1,1,0,'2022-03-07','5338395','2022-06-01 16:30:02','2022-06-01 16:30:02'),(120,'INVITATION TO QUOTE FOR NEWS MONITORING SERVICES FOR 24 MONTHS','NHB000ETQ21000090',59,'2021-12-08','2021-12-21',NULL,60,4,NULL,2,NULL,3,2,0,NULL,2,0,0,'2022-02-22','69600','2022-06-01 16:31:59','2022-06-01 16:31:59'),(121,'Tender to Implement an Electronic Document Management System (EDMS) with 4-Years Maintenance','BOA000ETT22000001',22,'2022-03-17','2022-04-07',NULL,90,3,0,2,0,2,4,0,2,1,1,0,NULL,NULL,'2022-06-01 16:35:30','2022-06-01 16:35:30'),(122,'For the Development, Installation and Maintenance of a web-based Queue Management System (QMS) in Taxpayer and Business Service Centre (TBSC)','IRA000ETQ22000002',33,'2022-03-28','2022-04-06',NULL,90,4,NULL,2,NULL,3,2,0,NULL,1,0,0,NULL,NULL,'2022-06-01 16:36:53','2022-06-01 16:36:53'),(123,'PROCUREMENT OF E-LITIGATION SERVICES','AGC000EDC21000023',21,NULL,NULL,NULL,NULL,NULL,NULL,NULL,NULL,NULL,NULL,0,NULL,1,0,1,'2021-10-13','723660','2022-06-01 16:38:36','2022-06-01 16:38:36'),(124,'INVITATION TO TENDER FOR THE PROVISION OF APPLICATION MAINTENANCE AND SUPPORT SERVICES OF THE COMMON SERVICE PROVIDER SYSTEM FOR MSF','CDVHQ0EDC21000026',52,NULL,NULL,NULL,NULL,NULL,NULL,NULL,NULL,NULL,NULL,0,NULL,1,0,1,'2021-10-29','1629343','2022-06-01 16:40:12','2022-06-01 16:40:12'),(125,'Applitools Eyes Software and Support Services','CPF000EDC21000030',1,NULL,NULL,NULL,NULL,NULL,NULL,NULL,NULL,NULL,6,0,NULL,5,1,0,'2021-09-29','857623.75','2022-06-01 16:42:14','2022-06-01 16:42:14'),(126,'ITT for the purchase of new LRS Email and Infrastructure Managed Services','FOR000ETT19300072',41,NULL,NULL,NULL,NULL,NULL,NULL,NULL,NULL,NULL,NULL,0,1,NULL,0,1,'2020-01-14','9978140','2022-06-01 16:44:18','2022-06-01 16:44:18'),(127,'Provision of Case Management System','PMOPSDEDC21000023',62,NULL,NULL,NULL,NULL,NULL,NULL,NULL,NULL,NULL,NULL,0,1,2,0,1,'2021-10-08','136475','2022-06-01 16:45:51','2022-06-01 16:45:51'),(128,'To continue the usage of CORENET X Collaboration Platform (CP) Pilot environments for a period of 6 months with an option to extend for another 3 months.','BCA000EDC22000003',23,NULL,NULL,NULL,NULL,NULL,NULL,NULL,1,NULL,6,0,NULL,NULL,0,0,'2022-02-23','257914','2022-06-01 16:47:16','2022-06-01 16:47:16'),(129,'SPO-REQ-2022-004186-FIN-Sale of used equipment and computer & accessories.','SPO000ETT22000041',34,'2022-06-07','2022-06-20',NULL,120,4,0,3,0,3,NULL,0,2,7,0,0,NULL,NULL,'2022-06-13 14:36:22','2022-06-13 14:36:22'),(130,'EITEa22_00192_LS- Supply, deliver, install and commission one Fourier Transform Infra - red (FTIR) spectrometer system at ITE College East.','ITE000ETQ22000093',69,'2022-06-07','2022-06-20',NULL,90,3,0,2,NULL,3,NULL,0,NULL,8,0,0,NULL,NULL,'2022-06-13 14:36:22','2022-06-13 14:36:22');
/*!40000 ALTER TABLE `opportunities` ENABLE KEYS */;
UNLOCK TABLES;

--
-- Table structure for table `opportunity_respondents`
--

DROP TABLE IF EXISTS `opportunity_respondents`;
/*!40101 SET @saved_cs_client     = @@character_set_client */;
/*!50503 SET character_set_client = utf8mb4 */;
CREATE TABLE `opportunity_respondents` (
  `opportunity_respondent_id` int NOT NULL AUTO_INCREMENT,
  `respondent_id` int NOT NULL,
  `opportunity_id` int NOT NULL,
  `bidding_value` varchar(225) DEFAULT NULL,
  `created_at` timestamp NULL DEFAULT CURRENT_TIMESTAMP,
  `updated_at` timestamp NULL DEFAULT CURRENT_TIMESTAMP,
  `awarded` tinyint DEFAULT '0',
  PRIMARY KEY (`opportunity_respondent_id`),
  UNIQUE KEY `opportunity_respondent_id_UNIQUE` (`opportunity_respondent_id`),
  KEY `fk_respondent_id_idx` (`respondent_id`),
  KEY `fk_bid_opportunity_id_idx` (`opportunity_id`),
  CONSTRAINT `fk_bid_opportunity_id` FOREIGN KEY (`opportunity_id`) REFERENCES `opportunities` (`opportunity_id`),
  CONSTRAINT `fk_bid_respondent_id` FOREIGN KEY (`respondent_id`) REFERENCES `respondents` (`respondent_id`)
) ENGINE=InnoDB AUTO_INCREMENT=658 DEFAULT CHARSET=utf8mb4 COLLATE=utf8mb4_0900_ai_ci;
/*!40101 SET character_set_client = @saved_cs_client */;

--
-- Dumping data for table `opportunity_respondents`
--

LOCK TABLES `opportunity_respondents` WRITE;
/*!40000 ALTER TABLE `opportunity_respondents` DISABLE KEYS */;
INSERT INTO `opportunity_respondents` VALUES (1,13,3,'241201','2022-05-31 03:02:45','2022-05-31 03:02:45',1),(2,14,3,'912301','2022-05-31 03:02:45','2022-05-31 03:02:45',1),(3,1,1,'11032272','2022-05-31 09:56:16','2022-05-31 09:56:16',1),(4,2,1,'5978400','2022-05-31 09:56:16','2022-05-31 09:56:16',0),(5,4,2,'70','2022-05-31 09:58:03','2022-05-31 09:58:03',0),(6,5,2,'330','2022-05-31 09:58:03','2022-05-31 09:58:03',0),(7,6,2,'32','2022-05-31 09:58:03','2022-05-31 09:58:03',0),(8,7,2,'207','2022-05-31 09:58:03','2022-05-31 09:58:03',0),(9,8,2,'250','2022-05-31 09:58:03','2022-05-31 09:58:03',0),(10,3,2,'174','2022-05-31 09:58:03','2022-05-31 09:58:03',1),(11,9,2,'100','2022-05-31 09:58:03','2022-05-31 09:58:03',0),(12,10,2,'3000','2022-05-31 09:58:03','2022-05-31 09:58:03',0),(13,11,2,'81','2022-05-31 09:58:03','2022-05-31 09:58:03',0),(14,12,2,'380','2022-05-31 09:58:03','2022-05-31 09:58:03',0),(15,15,3,'1900000','2022-05-31 10:00:49','2022-05-31 10:00:49',0),(16,16,3,'386562','2022-05-31 10:00:49','2022-05-31 10:00:49',0),(17,17,3,'456890','2022-05-31 10:00:49','2022-05-31 10:00:49',0),(18,18,3,'581900','2022-05-31 10:00:49','2022-05-31 10:00:49',0),(19,19,3,'4154409','2022-05-31 10:00:49','2022-05-31 10:00:49',0),(20,20,3,'1127820','2022-05-31 10:00:49','2022-05-31 10:00:49',0),(21,13,3,'241201','2022-05-31 10:00:49','2022-05-31 10:00:49',1),(22,21,3,'867060','2022-05-31 10:00:49','2022-05-31 10:00:49',0),(23,14,3,'912301','2022-05-31 10:00:49','2022-05-31 10:00:49',1),(24,22,4,'6146400','2022-05-31 10:02:22','2022-05-31 10:02:22',0),(25,23,4,'7888000','2022-05-31 10:02:22','2022-05-31 10:02:22',0),(26,24,4,'6916888','2022-05-31 10:02:22','2022-05-31 10:02:22',0),(27,25,5,'81760','2022-05-31 10:03:08','2022-05-31 10:03:08',1),(28,26,5,'82328','2022-05-31 10:03:08','2022-05-31 10:03:08',0),(29,27,6,'4495000','2022-05-31 10:17:23','2022-05-31 10:17:23',0),(30,28,6,'3532180','2022-05-31 10:17:23','2022-05-31 10:17:23',1),(31,29,6,'2252316','2022-05-31 10:17:23','2022-05-31 10:17:23',0),(32,30,7,'6008001','2022-05-31 10:28:33','2022-05-31 10:28:33',1),(33,31,7,'7131388','2022-05-31 10:28:33','2022-05-31 10:28:33',0),(34,32,7,'3488000','2022-05-31 10:28:33','2022-05-31 10:28:33',0),(35,51,8,NULL,'2022-05-31 10:41:26','2022-05-31 10:41:26',1),(36,22,8,NULL,'2022-05-31 10:41:26','2022-05-31 10:41:26',0),(37,52,8,NULL,'2022-05-31 10:41:26','2022-05-31 10:41:26',1),(38,53,8,NULL,'2022-05-31 10:41:26','2022-05-31 10:41:26',0),(39,54,8,NULL,'2022-05-31 10:41:26','2022-05-31 10:41:26',0),(40,55,8,NULL,'2022-05-31 10:41:26','2022-05-31 10:41:26',0),(41,1,8,NULL,'2022-05-31 10:41:26','2022-05-31 10:41:26',0),(42,56,8,NULL,'2022-05-31 10:41:26','2022-05-31 10:41:26',1),(43,57,8,NULL,'2022-05-31 10:41:26','2022-05-31 10:41:26',1),(44,58,8,NULL,'2022-05-31 10:41:26','2022-05-31 10:41:26',0),(45,59,8,NULL,'2022-05-31 10:41:26','2022-05-31 10:41:26',0),(46,60,8,NULL,'2022-05-31 10:41:26','2022-05-31 10:41:26',1),(47,61,8,NULL,'2022-05-31 10:41:26','2022-05-31 10:41:26',0),(48,62,8,NULL,'2022-05-31 10:41:26','2022-05-31 10:41:26',1),(49,63,8,NULL,'2022-05-31 10:41:26','2022-05-31 10:41:26',0),(50,64,8,NULL,'2022-05-31 10:41:26','2022-05-31 10:41:26',0),(51,65,8,NULL,'2022-05-31 10:41:26','2022-05-31 10:41:26',1),(52,66,8,NULL,'2022-05-31 10:41:26','2022-05-31 10:41:26',0),(53,67,8,NULL,'2022-05-31 10:41:26','2022-05-31 10:41:26',0),(54,69,9,'228400','2022-05-31 10:48:49','2022-05-31 10:48:49',0),(55,69,9,'143910','2022-05-31 10:48:49','2022-05-31 10:48:49',0),(56,70,9,'225571','2022-05-31 10:48:49','2022-05-31 10:48:49',0),(57,71,9,'129673','2022-05-31 10:48:49','2022-05-31 10:48:49',1),(58,26,9,'322750','2022-05-31 10:48:49','2022-05-31 10:48:49',0),(59,52,10,'16106624','2022-05-31 10:54:09','2022-05-31 10:54:09',0),(60,72,10,'13029456','2022-05-31 10:54:09','2022-05-31 10:54:09',0),(61,1,10,'24146230','2022-05-31 10:54:09','2022-05-31 10:54:09',0),(62,60,10,'14372059','2022-05-31 10:54:09','2022-05-31 10:54:09',0),(63,65,10,'30606898','2022-05-31 10:54:09','2022-05-31 10:54:09',0),(64,77,11,'647135','2022-05-31 10:58:35','2022-05-31 10:58:35',0),(65,73,11,'599091','2022-05-31 10:58:35','2022-05-31 10:58:35',0),(66,74,11,'420222','2022-05-31 10:58:35','2022-05-31 10:58:35',0),(67,75,11,'584207','2022-05-31 10:58:35','2022-05-31 10:58:35',0),(68,76,11,'281260','2022-05-31 10:58:35','2022-05-31 10:58:35',0),(69,138,14,'5886714','2022-06-01 04:37:00','2022-06-01 04:37:00',0),(70,329,14,'9466170','2022-06-01 04:37:00','2022-06-01 04:37:00',1),(71,15,15,'20005288','2022-06-01 04:44:18','2022-06-01 04:44:18',1),(72,200,15,'3824290','2022-06-01 04:44:18','2022-06-01 04:44:18',0),(73,247,15,'9933582','2022-06-01 04:44:18','2022-06-01 04:44:18',0),(74,19,15,'1016000','2022-06-01 04:44:18','2022-06-01 04:44:18',0),(75,1,15,'29861510','2022-06-01 04:44:18','2022-06-01 04:44:18',0),(76,287,15,'7691579','2022-06-01 04:44:18','2022-06-01 04:44:18',0),(77,298,15,'55254406','2022-06-01 04:44:18','2022-06-01 04:44:18',0),(78,339,15,'7950386','2022-06-01 04:44:18','2022-06-01 04:44:18',0),(79,15,16,'25184592','2022-06-01 05:21:45','2022-06-01 05:21:45',1),(80,231,16,'Not shortlisted','2022-06-01 05:21:45','2022-06-01 05:21:45',0),(81,325,16,'Not shortlisted','2022-06-01 05:21:45','2022-06-01 05:21:45',0),(82,330,16,'46622228','2022-06-01 05:21:45','2022-06-01 05:21:45',0),(83,15,17,'19182952.94','2022-06-01 05:25:02','2022-06-01 05:25:02',1),(84,159,17,'Limited Tender','2022-06-01 05:25:02','2022-06-01 05:25:02',0),(85,189,17,'Limited Tender','2022-06-01 05:25:02','2022-06-01 05:25:02',0),(86,1,17,'Limited Tender ','2022-06-01 05:25:02','2022-06-01 05:25:02',0),(87,52,17,'Limited Tender ','2022-06-01 05:25:02','2022-06-01 05:25:02',0),(88,15,18,NULL,'2022-06-01 05:27:58','2022-06-01 05:27:58',0),(89,277,18,NULL,'2022-06-01 05:27:58','2022-06-01 05:27:58',1),(90,332,18,NULL,'2022-06-01 05:27:58','2022-06-01 05:27:58',0),(91,15,19,'975250','2022-06-01 05:34:07','2022-06-01 05:34:07',0),(92,150,19,'343000','2022-06-01 05:34:07','2022-06-01 05:34:07',0),(93,3,19,'880000','2022-06-01 05:34:07','2022-06-01 05:34:07',0),(94,200,19,'688750','2022-06-01 05:34:07','2022-06-01 05:34:07',1),(95,19,19,'690680','2022-06-01 05:34:07','2022-06-01 05:34:07',0),(96,296,19,'313500','2022-06-01 05:34:07','2022-06-01 05:34:07',0),(97,358,19,'576000','2022-06-01 05:34:07','2022-06-01 05:34:07',0),(99,15,20,'159436833','2022-06-01 05:41:17','2022-06-01 05:41:17',1),(100,179,20,'17090368','2022-06-01 05:41:17','2022-06-01 05:41:17',1),(101,180,20,'1189150','2022-06-01 05:41:17','2022-06-01 05:41:17',0),(102,200,20,'2970000','2022-06-01 05:41:17','2022-06-01 05:41:17',0),(103,233,20,'100594255','2022-06-01 05:41:17','2022-06-01 05:41:17',0),(104,11,20,'1633800','2022-06-01 05:41:17','2022-06-01 05:41:17',1),(105,339,20,'38999119.99','2022-06-01 05:41:17','2022-06-01 05:41:17',0),(106,379,21,NULL,'2022-06-01 05:43:54','2022-06-01 05:43:54',1),(107,265,21,NULL,'2022-06-01 05:44:05','2022-06-01 05:44:05',0),(108,114,22,'77000','2022-06-01 05:49:55','2022-06-01 05:49:55',0),(109,155,22,'63000','2022-06-01 05:49:55','2022-06-01 05:49:55',0),(110,174,22,'28500','2022-06-01 05:49:55','2022-06-01 05:49:55',1),(111,195,22,'72700','2022-06-01 05:49:55','2022-06-01 05:49:55',0),(112,228,22,'47500','2022-06-01 05:49:55','2022-06-01 05:49:55',0),(113,284,22,'45400','2022-06-01 05:49:55','2022-06-01 05:49:55',0),(114,314,22,'105600','2022-06-01 05:49:55','2022-06-01 05:49:55',0),(115,331,22,'53000','2022-06-01 05:49:55','2022-06-01 05:49:55',0),(116,336,22,'82500','2022-06-01 05:49:55','2022-06-01 05:49:55',0),(117,340,22,'29900','2022-06-01 05:49:55','2022-06-01 05:49:55',0),(118,357,22,'89500','2022-06-01 05:49:55','2022-06-01 05:49:55',0),(119,360,22,'57500','2022-06-01 05:49:55','2022-06-01 05:49:55',0),(120,362,22,'63000','2022-06-01 05:49:55','2022-06-01 05:49:55',0),(121,373,22,'45000','2022-06-01 05:49:55','2022-06-01 05:49:55',0),(122,375,22,'149000','2022-06-01 05:49:55','2022-06-01 05:49:55',0),(123,67,22,'45708','2022-06-01 05:49:55','2022-06-01 05:49:55',0),(124,22,23,'9451665','2022-06-01 05:53:50','2022-06-01 05:53:50',0),(125,165,23,'43984630','2022-06-01 05:53:50','2022-06-01 05:53:50',0),(126,1,23,'24379100','2022-06-01 05:53:50','2022-06-01 05:53:50',1),(127,299,23,'28314593.29','2022-06-01 05:53:50','2022-06-01 05:53:50',0),(128,305,23,'9881000','2022-06-01 05:53:50','2022-06-01 05:53:50',0),(129,341,23,'9093549.79','2022-06-01 05:53:50','2022-06-01 05:53:50',0),(130,15,24,'34112647','2022-06-01 05:58:25','2022-06-01 05:58:25',0),(131,140,24,'28300680','2022-06-01 05:58:25','2022-06-01 05:58:25',1),(132,148,24,'11882928','2022-06-01 05:58:25','2022-06-01 05:58:25',0),(133,158,24,'19654500','2022-06-01 05:58:25','2022-06-01 05:58:25',0),(134,200,24,'45930178','2022-06-01 05:58:25','2022-06-01 05:58:25',0),(135,219,24,'35638799','2022-06-01 05:58:25','2022-06-01 05:58:25',0),(136,240,24,'55750208','2022-06-01 05:58:25','2022-06-01 05:58:25',0),(137,55,24,NULL,'2022-06-01 05:58:25','2022-06-01 05:58:25',0),(138,288,24,'34868022','2022-06-01 05:58:25','2022-06-01 05:58:25',0),(139,307,24,'16741678','2022-06-01 05:58:25','2022-06-01 05:58:25',0),(140,314,24,'15192680','2022-06-01 05:58:25','2022-06-01 05:58:25',0),(141,339,24,'16808487','2022-06-01 05:58:25','2022-06-01 05:58:25',0),(142,348,24,'56451963','2022-06-01 05:58:25','2022-06-01 05:58:25',0),(143,187,25,'89800','2022-06-01 06:00:22','2022-06-01 06:00:22',0),(144,193,25,'76200','2022-06-01 06:00:22','2022-06-01 06:00:22',1),(145,169,26,'76000','2022-06-01 06:05:33','2022-06-01 06:05:33',0),(146,258,26,'428320','2022-06-01 06:05:33','2022-06-01 06:05:33',0),(147,294,26,'20600','2022-06-01 06:05:33','2022-06-01 06:05:33',1),(148,3,27,'790000','2022-06-01 06:11:31','2022-06-01 06:11:31',1),(149,200,27,'650000.00','2022-06-01 06:11:31','2022-06-01 06:11:31',0),(150,212,27,'420030.01','2022-06-01 06:11:31','2022-06-01 06:11:31',0),(151,254,27,'975150.00','2022-06-01 06:11:31','2022-06-01 06:11:31',0),(152,19,27,'895000.00','2022-06-01 06:11:31','2022-06-01 06:11:31',0),(153,1,27,'799779.00','2022-06-01 06:11:31','2022-06-01 06:11:31',0),(154,11,27,'400000.00','2022-06-01 06:11:31','2022-06-01 06:11:31',0),(155,328,27,'520000.00','2022-06-01 06:11:31','2022-06-01 06:11:31',0),(156,332,27,'733400.00','2022-06-01 06:11:31','2022-06-01 06:11:31',0),(157,353,27,'299900.00 ','2022-06-01 06:11:31','2022-06-01 06:11:31',0),(158,217,28,'24118185.8','2022-06-01 06:15:08','2022-06-01 06:15:08',0),(159,56,28,'3880037','2022-06-01 06:15:08','2022-06-01 06:15:08',0),(160,298,28,'16004981.25','2022-06-01 06:15:08','2022-06-01 06:15:08',0),(161,331,28,'5431830','2022-06-01 06:15:08','2022-06-01 06:15:08',1),(162,354,28,'14348708','2022-06-01 06:15:08','2022-06-01 06:15:08',0),(163,15,29,'18957084','2022-06-01 06:17:07','2022-06-01 06:17:07',1),(164,157,30,'214184','2022-06-01 06:19:44','2022-06-01 06:19:44',0),(165,243,30,'322560','2022-06-01 06:19:44','2022-06-01 06:19:44',1),(166,31,30,'1255638','2022-06-01 06:19:44','2022-06-01 06:19:44',0),(167,326,30,'362900','2022-06-01 06:19:44','2022-06-01 06:19:44',0),(168,377,30,NULL,'2022-06-01 06:19:44','2022-06-01 06:19:44',0),(169,22,31,'7627195','2022-06-01 06:22:33','2022-06-01 06:22:33',0),(170,1,31,'21363808','2022-06-01 06:22:33','2022-06-01 06:22:33',1),(171,289,31,'9976888','2022-06-01 06:22:33','2022-06-01 06:22:33',0),(172,62,31,'12628139','2022-06-01 06:22:33','2022-06-01 06:22:33',0),(173,22,32,'96000','2022-06-01 06:27:40','2022-06-01 06:27:40',0),(174,200,32,'74124','2022-06-01 06:27:40','2022-06-01 06:27:40',0),(175,261,32,'88950','2022-06-01 06:27:40','2022-06-01 06:27:40',1),(176,323,32,'42400','2022-06-01 06:27:40','2022-06-01 06:27:40',0),(177,356,32,'62550','2022-06-01 06:27:40','2022-06-01 06:27:40',0),(178,275,32,'88950','2022-06-01 06:27:40','2022-06-01 06:27:40',0),(179,265,33,NULL,'2022-06-01 06:30:35','2022-06-01 06:30:35',0),(180,339,34,'997409.88','2022-06-01 06:34:19','2022-06-01 06:34:19',0),(181,158,34,'1124940','2022-06-01 06:34:19','2022-06-01 06:34:19',0),(182,177,34,'586360','2022-06-01 06:34:19','2022-06-01 06:34:19',1),(183,233,34,'1952964.84','2022-06-01 06:34:19','2022-06-01 06:34:19',0),(184,237,34,'4180408','2022-06-01 06:34:19','2022-06-01 06:34:19',0),(185,283,34,'762896','2022-06-01 06:34:19','2022-06-01 06:34:19',0),(186,24,34,'1407928','2022-06-01 06:34:19','2022-06-01 06:34:19',0),(187,60,34,'1466120','2022-06-01 06:34:19','2022-06-01 06:34:19',0),(188,196,35,'2897558.00 ','2022-06-01 06:36:42','2022-06-01 06:36:42',1),(189,250,35,'2036500','2022-06-01 06:36:42','2022-06-01 06:36:42',0),(190,56,35,'3428118','2022-06-01 06:36:42','2022-06-01 06:36:42',0),(191,125,36,'172000','2022-06-01 06:39:39','2022-06-01 06:39:39',0),(192,22,36,'88000','2022-06-01 06:39:39','2022-06-01 06:39:39',0),(193,199,36,'54800','2022-06-01 06:39:39','2022-06-01 06:39:39',1),(194,371,36,'30800','2022-06-01 06:39:39','2022-06-01 06:39:39',0),(195,56,37,'999800','2022-06-01 06:42:56','2022-06-01 06:42:56',1),(196,311,37,'1132700','2022-06-01 06:42:56','2022-06-01 06:42:56',0),(197,374,37,'1567890','2022-06-01 06:42:56','2022-06-01 06:42:56',0),(198,77,38,'11883069','2022-06-01 06:46:11','2022-06-01 06:46:11',0),(199,51,38,'8097086','2022-06-01 06:46:11','2022-06-01 06:46:11',1),(200,22,38,'12930864','2022-06-01 06:46:11','2022-06-01 06:46:11',0),(201,189,38,'9468619','2022-06-01 06:46:11','2022-06-01 06:46:11',0),(202,1,38,'15922417','2022-06-01 06:46:11','2022-06-01 06:46:11',0),(203,341,38,'7586928.57','2022-06-01 06:46:11','2022-06-01 06:46:11',0),(204,347,38,'11309516','2022-06-01 06:46:11','2022-06-01 06:46:11',0),(205,62,38,'15406335','2022-06-01 06:46:11','2022-06-01 06:46:11',0),(206,118,39,'354782','2022-06-01 06:49:47','2022-06-01 06:49:47',0),(207,129,39,'1048320','2022-06-01 06:49:47','2022-06-01 06:49:47',0),(208,291,39,'498919','2022-06-01 06:49:47','2022-06-01 06:49:47',1),(209,143,40,'124350','2022-06-01 06:52:57','2022-06-01 06:52:57',0),(210,154,40,'419977','2022-06-01 06:52:57','2022-06-01 06:52:57',0),(211,270,40,'263500','2022-06-01 06:52:57','2022-06-01 06:52:57',0),(212,15,41,'5123021','2022-06-01 06:58:38','2022-06-01 06:58:38',0),(213,111,41,'8016521','2022-06-01 06:58:38','2022-06-01 06:58:38',0),(214,125,41,'2321601','2022-06-01 06:58:38','2022-06-01 06:58:38',1),(215,22,41,'4355520','2022-06-01 06:58:38','2022-06-01 06:58:38',0),(216,167,41,'3021180','2022-06-01 06:58:38','2022-06-01 06:58:38',0),(217,3,41,'4001167.7','2022-06-01 06:58:38','2022-06-01 06:58:38',0),(218,72,41,'1598101','2022-06-01 06:58:38','2022-06-01 06:58:38',0),(219,220,41,'9416000','2022-06-01 06:58:38','2022-06-01 06:58:38',0),(220,247,41,'7537964','2022-06-01 06:58:38','2022-06-01 06:58:38',0),(221,287,41,'5812415','2022-06-01 06:58:38','2022-06-01 06:58:38',0),(222,297,41,'12665944.88','2022-06-01 06:58:38','2022-06-01 06:58:38',0),(223,316,41,'5536338','2022-06-01 06:58:38','2022-06-01 06:58:38',0),(224,338,41,'1799552','2022-06-01 06:58:38','2022-06-01 06:58:38',0),(225,339,41,'5544428','2022-06-01 06:58:38','2022-06-01 06:58:38',0),(226,65,41,'10590892.75','2022-06-01 06:58:38','2022-06-01 06:58:38',0),(227,15,42,'25501146.69','2022-06-01 07:01:15','2022-06-01 07:01:15',0),(228,176,42,'13383384','2022-06-01 07:01:15','2022-06-01 07:01:15',0),(229,56,42,'14242040','2022-06-01 07:01:15','2022-06-01 07:01:15',0),(230,339,42,'10096499','2022-06-01 07:01:15','2022-06-01 07:01:15',1),(231,372,42,'15412876.99','2022-06-01 07:01:15','2022-06-01 07:01:15',0),(232,65,42,'48482328','2022-06-01 07:01:15','2022-06-01 07:01:15',0),(233,266,43,NULL,'2022-06-01 07:02:40','2022-06-01 07:02:40',0),(234,265,44,NULL,'2022-06-01 07:04:07','2022-06-01 07:04:07',0),(235,15,44,NULL,'2022-06-01 07:04:07','2022-06-01 07:04:07',1),(236,199,45,'16428157','2022-06-01 07:06:29','2022-06-01 07:06:29',0),(237,1,45,'12505428','2022-06-01 07:06:29','2022-06-01 07:06:29',1),(238,300,45,'Not shortlisted','2022-06-01 07:06:29','2022-06-01 07:06:29',0),(239,370,45,'Not shortlisted','2022-06-01 07:06:29','2022-06-01 07:06:29',0),(240,176,46,'745928','2022-06-01 07:09:46','2022-06-01 07:09:46',0),(241,181,46,'763044','2022-06-01 07:09:46','2022-06-01 07:09:46',0),(242,219,46,'770693','2022-06-01 07:09:46','2022-06-01 07:09:46',0),(243,71,46,'667250','2022-06-01 07:09:46','2022-06-01 07:09:46',1),(244,24,46,'2897085','2022-06-01 07:09:46','2022-06-01 07:09:46',0),(245,26,46,'959386.09','2022-06-01 07:09:46','2022-06-01 07:09:46',0),(246,15,47,NULL,'2022-06-01 07:12:45','2022-06-01 07:12:45',0),(247,172,47,NULL,'2022-06-01 07:12:45','2022-06-01 07:12:45',0),(248,206,47,NULL,'2022-06-01 07:12:45','2022-06-01 07:12:45',0),(249,240,47,NULL,'2022-06-01 07:12:45','2022-06-01 07:12:45',0),(250,251,47,NULL,'2022-06-01 07:12:45','2022-06-01 07:12:45',0),(251,339,47,NULL,'2022-06-01 07:12:45','2022-06-01 07:12:45',0),(252,15,48,'1062804','2022-06-01 07:15:41','2022-06-01 07:15:41',0),(253,119,48,'984193.76','2022-06-01 07:15:41','2022-06-01 07:15:41',0),(254,124,48,'487177','2022-06-01 07:15:41','2022-06-01 07:15:41',0),(255,172,48,'744212.09','2022-06-01 07:15:41','2022-06-01 07:15:41',1),(256,11,48,'800164','2022-06-01 07:15:41','2022-06-01 07:15:41',0),(257,317,48,'1067990','2022-06-01 07:15:41','2022-06-01 07:15:41',0),(258,322,48,'3059200','2022-06-01 07:15:41','2022-06-01 07:15:41',0),(259,52,49,'6873567','2022-06-01 07:18:50','2022-06-01 07:18:50',0),(260,189,49,'8317689','2022-06-01 07:18:50','2022-06-01 07:18:50',0),(261,72,49,'4391182.61','2022-06-01 07:18:50','2022-06-01 07:18:50',0),(262,56,49,'5733150','2022-06-01 07:18:50','2022-06-01 07:18:50',0),(263,60,49,'4630612','2022-06-01 07:18:50','2022-06-01 07:18:50',1),(264,374,49,'5516437','2022-06-01 07:18:50','2022-06-01 07:18:50',0),(265,63,49,'11425954','2022-06-01 07:18:50','2022-06-01 07:18:50',0),(266,22,51,'2862016','2022-06-01 07:24:48','2022-06-01 07:24:48',0),(267,170,51,'5575680.19','2022-06-01 07:24:48','2022-06-01 07:24:48',0),(268,178,51,'1609854.73','2022-06-01 07:24:48','2022-06-01 07:24:48',0),(269,202,51,'882810','2022-06-01 07:24:48','2022-06-01 07:24:48',0),(270,53,51,'959298','2022-06-01 07:24:48','2022-06-01 07:24:48',1),(271,284,51,'2120900','2022-06-01 07:24:48','2022-06-01 07:24:48',0),(272,343,51,'684000','2022-06-01 07:24:48','2022-06-01 07:24:48',0),(273,349,51,'2281651.28','2022-06-01 07:24:48','2022-06-01 07:24:48',1),(274,361,51,'580762','2022-06-01 07:24:48','2022-06-01 07:24:48',0),(275,365,51,'346400','2022-06-01 07:24:48','2022-06-01 07:24:48',0),(276,366,51,'1543080','2022-06-01 07:24:48','2022-06-01 07:24:48',0),(277,63,51,'996267','2022-06-01 07:24:48','2022-06-01 07:24:48',0),(278,65,51,'1810606.44','2022-06-01 07:24:48','2022-06-01 07:24:48',0),(279,140,52,'3948127.2','2022-06-01 07:26:34','2022-06-01 07:26:34',1),(280,372,52,'7425027','2022-06-01 07:26:34','2022-06-01 07:26:34',0),(281,108,53,'33200','2022-06-01 07:30:24','2022-06-01 07:30:24',1),(282,131,53,'85080','2022-06-01 07:30:24','2022-06-01 07:30:24',0),(283,136,53,'49180','2022-06-01 07:30:24','2022-06-01 07:30:24',0),(284,151,53,'38200','2022-06-01 07:30:24','2022-06-01 07:30:24',0),(285,164,53,'76958','2022-06-01 07:30:24','2022-06-01 07:30:24',0),(286,234,53,'57300','2022-06-01 07:30:24','2022-06-01 07:30:24',0),(287,259,53,'71745','2022-06-01 07:30:24','2022-06-01 07:30:24',0),(288,271,53,'121000','2022-06-01 07:30:24','2022-06-01 07:30:24',0),(289,285,53,'310769.7','2022-06-01 07:30:24','2022-06-01 07:30:24',0),(290,313,53,'72200','2022-06-01 07:30:24','2022-06-01 07:30:24',0),(291,333,53,'79825','2022-06-01 07:30:24','2022-06-01 07:30:24',0),(292,344,53,'174935','2022-06-01 07:30:24','2022-06-01 07:30:24',0),(293,352,53,'164300','2022-06-01 07:30:24','2022-06-01 07:30:24',0),(294,358,53,'155000','2022-06-01 07:30:24','2022-06-01 07:30:24',0),(295,266,54,NULL,'2022-06-01 07:37:58','2022-06-01 07:37:58',0),(296,15,55,'499999','2022-06-01 07:41:38','2022-06-01 07:41:38',0),(297,185,55,'365000','2022-06-01 07:41:38','2022-06-01 07:41:38',1),(298,188,55,'353633','2022-06-01 07:41:38','2022-06-01 07:41:38',0),(299,200,55,'438000','2022-06-01 07:41:38','2022-06-01 07:41:38',0),(300,11,55,'450000','2022-06-01 07:41:38','2022-06-01 07:41:38',0),(301,315,55,'418000','2022-06-01 07:41:38','2022-06-01 07:41:38',0),(302,15,56,'18344087.34','2022-06-01 08:21:54','2022-06-01 08:21:54',1),(303,182,56,'14751432','2022-06-01 08:21:54','2022-06-01 08:21:54',0),(304,230,56,'Limited Tender','2022-06-01 08:21:54','2022-06-01 08:21:54',0),(305,329,56,'Limited Tender','2022-06-01 08:21:54','2022-06-01 08:21:54',0),(306,109,57,NULL,'2022-06-01 08:30:58','2022-06-01 08:30:58',0),(307,15,58,'95759507','2022-06-01 08:32:49','2022-06-01 08:32:49',1),(308,15,59,'570877.4','2022-06-01 08:34:35','2022-06-01 08:34:35',1),(309,223,59,'39200','2022-06-01 08:34:35','2022-06-01 08:34:35',0),(310,292,59,'60100','2022-06-01 08:34:35','2022-06-01 08:34:35',0),(311,15,60,'23260','2022-06-01 08:44:01','2022-06-01 08:44:01',1),(312,167,60,'17900','2022-06-01 08:44:01','2022-06-01 08:44:01',0),(313,108,61,'208000','2022-06-01 08:49:34','2022-06-01 08:49:34',0),(314,4,61,'496200','2022-06-01 08:49:34','2022-06-01 08:49:34',0),(315,128,61,'449800','2022-06-01 08:49:34','2022-06-01 08:49:34',0),(316,210,61,'300000','2022-06-01 08:49:34','2022-06-01 08:49:34',0),(317,212,61,'249900','2022-06-01 08:49:34','2022-06-01 08:49:34',1),(318,264,61,'135000','2022-06-01 08:49:34','2022-06-01 08:49:34',0),(319,282,61,'295000','2022-06-01 08:49:34','2022-06-01 08:49:34',0),(320,11,61,'310000','2022-06-01 08:49:34','2022-06-01 08:49:34',0),(321,323,61,'288888','2022-06-01 08:49:34','2022-06-01 08:49:34',0),(322,113,62,'118800','2022-06-01 08:52:05','2022-06-01 08:52:05',0),(323,306,62,'63500','2022-06-01 08:52:05','2022-06-01 08:52:05',0),(324,350,62,'78000','2022-06-01 08:52:05','2022-06-01 08:52:05',1),(325,374,62,'132342','2022-06-01 08:52:05','2022-06-01 08:52:05',0),(326,113,63,'101400','2022-06-01 08:57:00','2022-06-01 08:57:00',0),(327,241,63,'42132','2022-06-01 08:57:00','2022-06-01 08:57:00',0),(328,306,63,'46500','2022-06-01 08:57:00','2022-06-01 08:57:00',0),(329,311,63,'77400','2022-06-01 08:57:00','2022-06-01 08:57:00',0),(330,321,63,'71850','2022-06-01 08:57:00','2022-06-01 08:57:00',1),(331,350,63,'67260','2022-06-01 08:57:00','2022-06-01 08:57:00',0),(332,374,63,'115239','2022-06-01 08:57:00','2022-06-01 08:57:00',0),(333,378,63,'60600','2022-06-01 08:57:00','2022-06-01 08:57:00',0),(334,327,64,'69422.53','2022-06-01 08:59:25','2022-06-01 08:59:25',1),(335,350,64,'49050','2022-06-01 08:59:25','2022-06-01 08:59:25',0),(336,200,65,'710000','2022-06-01 09:03:12','2022-06-01 09:03:12',0),(337,262,65,'420000','2022-06-01 09:03:12','2022-06-01 09:03:12',0),(338,273,65,'330000','2022-06-01 09:03:12','2022-06-01 09:03:12',0),(339,369,65,'510100','2022-06-01 09:03:12','2022-06-01 09:03:12',1),(340,232,66,'1302214','2022-06-01 09:06:19','2022-06-01 09:06:19',1),(341,337,66,'11','2022-06-01 09:06:19','2022-06-01 09:06:19',1),(342,200,67,'488000','2022-06-01 09:12:37','2022-06-01 09:12:37',1),(343,221,67,'220000','2022-06-01 09:12:37','2022-06-01 09:12:37',0),(344,245,67,'349800','2022-06-01 09:12:37','2022-06-01 09:12:37',0),(345,256,67,'250000','2022-06-01 09:12:37','2022-06-01 09:12:37',0),(346,268,67,'280000','2022-06-01 09:12:37','2022-06-01 09:12:37',0),(347,369,67,'638800','2022-06-01 09:12:37','2022-06-01 09:12:37',0),(348,121,68,'228165','2022-06-01 09:17:56','2022-06-01 09:17:56',0),(349,137,68,'230000','2022-06-01 09:17:56','2022-06-01 09:17:56',0),(350,144,68,'220000','2022-06-01 09:17:56','2022-06-01 09:17:56',0),(351,156,68,'138000','2022-06-01 09:17:56','2022-06-01 09:17:56',1),(352,213,68,'144000','2022-06-01 09:17:56','2022-06-01 09:17:56',0),(353,276,68,'198000','2022-06-01 09:17:56','2022-06-01 09:17:56',0),(354,1,68,'245000','2022-06-01 09:17:56','2022-06-01 09:17:56',0),(355,353,68,'210000','2022-06-01 09:17:56','2022-06-01 09:17:56',0),(356,140,69,'107200','2022-06-01 09:20:37','2022-06-01 09:20:37',1),(357,255,69,'369000','2022-06-01 09:20:37','2022-06-01 09:20:37',0),(358,180,70,'225500','2022-06-01 09:26:31','2022-06-01 09:26:31',0),(359,200,70,'248888','2022-06-01 09:26:31','2022-06-01 09:26:31',0),(360,218,70,'260000','2022-06-01 09:26:31','2022-06-01 09:26:31',0),(361,19,70,'128000','2022-06-01 09:26:31','2022-06-01 09:26:31',1),(362,51,71,'16043815','2022-06-01 09:29:05','2022-06-01 09:29:05',0),(363,138,71,'18086136','2022-06-01 09:29:05','2022-06-01 09:29:05',0),(364,163,71,'5665839.00 ','2022-06-01 09:29:05','2022-06-01 09:29:05',0),(365,238,71,'7747043.42','2022-06-01 09:29:05','2022-06-01 09:29:05',0),(366,298,71,'25270506','2022-06-01 09:29:05','2022-06-01 09:29:05',0),(367,312,71,'3983000','2022-06-01 09:29:05','2022-06-01 09:29:05',0),(368,130,72,'90000','2022-06-01 09:33:11','2022-06-01 09:33:11',0),(369,179,72,'104000','2022-06-01 09:33:11','2022-06-01 09:33:11',0),(370,200,72,'98800','2022-06-01 09:33:11','2022-06-01 09:33:11',0),(371,19,72,'78000','2022-06-01 09:33:11','2022-06-01 09:33:11',1),(372,272,72,'220000','2022-06-01 09:33:11','2022-06-01 09:33:11',0),(373,11,72,'197800','2022-06-01 09:33:11','2022-06-01 09:33:11',0),(374,274,73,'43982.4','2022-06-01 09:35:50','2022-06-01 09:35:50',1),(375,1,73,'47880','2022-06-01 09:35:50','2022-06-01 09:35:50',0),(376,293,73,'51668.4','2022-06-01 09:35:50','2022-06-01 09:35:50',0),(377,303,73,'44184','2022-06-01 09:35:50','2022-06-01 09:35:50',0),(378,116,74,'133500','2022-06-01 09:39:38','2022-06-01 09:39:38',0),(379,183,74,'83500','2022-06-01 09:39:38','2022-06-01 09:39:38',1),(380,246,74,'77000','2022-06-01 09:39:38','2022-06-01 09:39:38',0),(381,318,74,'96000','2022-06-01 09:39:38','2022-06-01 09:39:38',0),(382,368,74,'22700','2022-06-01 09:39:38','2022-06-01 09:39:38',0),(383,15,75,'8590000','2022-06-01 09:42:39','2022-06-01 09:42:39',0),(384,203,75,'5538000','2022-06-01 09:42:39','2022-06-01 09:42:39',1),(385,233,75,'7900888','2022-06-01 09:42:39','2022-06-01 09:42:39',0),(386,339,75,'8495968','2022-06-01 09:42:39','2022-06-01 09:42:39',0),(387,115,76,'1988503','2022-06-01 09:45:56','2022-06-01 09:45:56',0),(388,123,76,'475780','2022-06-01 09:45:56','2022-06-01 09:45:56',0),(389,138,76,'625220','2022-06-01 09:45:56','2022-06-01 09:45:56',0),(390,157,76,'678380','2022-06-01 09:45:56','2022-06-01 09:45:56',0),(391,162,76,'558319.64','2022-06-01 09:45:56','2022-06-01 09:45:56',1),(392,205,76,'1226093','2022-06-01 09:45:56','2022-06-01 09:45:56',0),(393,302,76,'897866','2022-06-01 09:45:56','2022-06-01 09:45:56',0),(394,308,76,'947092','2022-06-01 09:45:56','2022-06-01 09:45:56',0),(395,343,76,'1025920','2022-06-01 09:45:56','2022-06-01 09:45:56',0),(396,146,77,'241004','2022-06-01 09:51:03','2022-06-01 09:51:03',1),(397,153,77,'330700','2022-06-01 09:51:03','2022-06-01 09:51:03',0),(398,248,77,'263600','2022-06-01 09:51:03','2022-06-01 09:51:03',0),(399,350,77,'484400','2022-06-01 09:51:03','2022-06-01 09:51:03',0),(400,15,78,'475600','2022-06-01 09:53:41','2022-06-01 09:53:41',1),(401,200,78,'499600','2022-06-01 09:53:41','2022-06-01 09:53:41',0),(402,288,78,'368800','2022-06-01 09:53:41','2022-06-01 09:53:41',0),(403,57,78,'332500','2022-06-01 09:53:41','2022-06-01 09:53:41',0),(404,296,78,'998500','2022-06-01 09:53:41','2022-06-01 09:53:41',0),(405,338,78,'656000','2022-06-01 09:53:41','2022-06-01 09:53:41',0),(406,15,79,'12189260','2022-06-01 09:57:15','2022-06-01 09:57:15',0),(407,77,79,'7946275','2022-06-01 09:57:15','2022-06-01 09:57:15',0),(408,122,79,'1219200','2022-06-01 09:57:15','2022-06-01 09:57:15',0),(409,22,79,'7828760','2022-06-01 09:57:15','2022-06-01 09:57:15',0),(410,189,79,'12495905','2022-06-01 09:57:15','2022-06-01 09:57:15',0),(411,305,79,'9893100','2022-06-01 09:57:15','2022-06-01 09:57:15',0),(412,339,79,'10847693','2022-06-01 09:57:15','2022-06-01 09:57:15',0),(413,347,79,'13321276','2022-06-01 09:57:15','2022-06-01 09:57:15',0),(414,1,80,'741175362','2022-06-01 10:00:25','2022-06-01 10:00:25',0),(415,189,80,NULL,'2022-06-01 10:00:25','2022-06-01 10:00:25',0),(416,240,80,NULL,'2022-06-01 10:00:25','2022-06-01 10:00:25',0),(417,1,80,NULL,'2022-06-01 10:00:25','2022-06-01 10:00:25',0),(418,332,80,NULL,'2022-06-01 10:00:25','2022-06-01 10:00:25',0),(419,347,80,NULL,'2022-06-01 10:00:25','2022-06-01 10:00:25',0),(420,65,80,NULL,'2022-06-01 10:00:25','2022-06-01 10:00:25',0),(421,77,81,'974000','2022-06-01 10:05:09','2022-06-01 10:05:09',0),(422,51,81,'913600','2022-06-01 10:05:09','2022-06-01 10:05:09',0),(423,214,81,'2476260','2022-06-01 10:05:09','2022-06-01 10:05:09',0),(424,244,81,'898200','2022-06-01 10:05:09','2022-06-01 10:05:09',0),(425,57,81,'2798135','2022-06-01 10:05:09','2022-06-01 10:05:09',0),(426,342,81,'932184','2022-06-01 10:05:09','2022-06-01 10:05:09',0),(427,343,81,'715920','2022-06-01 10:05:09','2022-06-01 10:05:09',0),(428,347,81,'1526089','2022-06-01 10:05:09','2022-06-01 10:05:09',0),(429,60,81,'419880','2022-06-01 10:05:09','2022-06-01 10:05:09',0),(430,61,81,'438000','2022-06-01 10:05:09','2022-06-01 10:05:09',0),(431,366,81,'686790','2022-06-01 10:05:09','2022-06-01 10:05:09',0),(432,65,81,'1134119.95','2022-06-01 10:05:09','2022-06-01 10:05:09',0),(433,140,82,'4037614.16','2022-06-01 10:08:30','2022-06-01 10:08:30',0),(434,56,82,'5122756.36','2022-06-01 10:08:30','2022-06-01 10:08:30',0),(435,288,82,'4137154.07','2022-06-01 10:08:30','2022-06-01 10:08:30',0),(436,57,82,'6808050','2022-06-01 10:08:30','2022-06-01 10:08:30',0),(437,335,82,'1184610','2022-06-01 10:08:30','2022-06-01 10:08:30',0),(438,339,82,'4896923.24','2022-06-01 10:08:30','2022-06-01 10:08:30',0),(439,343,82,'2154300','2022-06-01 10:08:30','2022-06-01 10:08:30',0),(440,363,82,'5740607.23','2022-06-01 10:08:30','2022-06-01 10:08:30',0),(441,65,82,'3543378.13','2022-06-01 10:08:30','2022-06-01 10:08:30',0),(442,121,83,'2815827.56','2022-06-01 12:54:59','2022-06-01 12:54:59',1),(443,197,83,'2909901.8','2022-06-01 12:54:59','2022-06-01 12:54:59',1),(444,198,83,'2815827.56','2022-06-01 12:54:59','2022-06-01 12:54:59',0),(445,226,83,'2950219.33','2022-06-01 12:54:59','2022-06-01 12:54:59',1),(446,304,83,'3391792.29','2022-06-01 12:54:59','2022-06-01 12:54:59',0),(447,77,84,'7479501.82','2022-06-01 13:15:57','2022-06-01 13:15:57',0),(448,126,84,'4414650','2022-06-01 13:15:57','2022-06-01 13:15:57',1),(449,22,84,'7446800','2022-06-01 13:15:57','2022-06-01 13:15:57',0),(450,305,84,'5115500','2022-06-01 13:15:57','2022-06-01 13:15:57',0),(451,339,84,'5268031','2022-06-01 13:15:57','2022-06-01 13:15:57',0),(452,366,84,'4109820','2022-06-01 13:15:57','2022-06-01 13:15:57',0),(453,65,84,NULL,'2022-06-01 13:15:57','2022-06-01 13:15:57',0),(454,15,85,'66200','2022-06-01 13:26:28','2022-06-01 13:26:28',0),(455,149,85,'163360','2022-06-01 13:26:28','2022-06-01 13:26:28',0),(456,164,85,'95845','2022-06-01 13:26:28','2022-06-01 13:26:28',0),(457,180,85,'88500','2022-06-01 13:26:28','2022-06-01 13:26:28',0),(458,192,85,'90000','2022-06-01 13:26:28','2022-06-01 13:26:28',1),(459,201,85,'86300','2022-06-01 13:26:28','2022-06-01 13:26:28',0),(460,19,85,'95000','2022-06-01 13:26:28','2022-06-01 13:26:28',0),(461,333,85,'82500','2022-06-01 13:26:28','2022-06-01 13:26:28',0),(462,179,86,'62800','2022-06-01 13:38:11','2022-06-01 13:38:11',0),(463,227,86,'53200','2022-06-01 13:38:11','2022-06-01 13:38:11',0),(464,279,86,'42500','2022-06-01 13:38:11','2022-06-01 13:38:11',0),(465,282,86,'18000','2022-06-01 13:38:11','2022-06-01 13:38:11',1),(466,295,86,'49600','2022-06-01 13:38:11','2022-06-01 13:38:11',0),(467,319,86,'174000','2022-06-01 13:38:11','2022-06-01 13:38:11',0),(468,15,87,'642000','2022-06-01 13:47:36','2022-06-01 13:47:36',0),(469,164,87,'260650','2022-06-01 13:47:36','2022-06-01 13:47:36',0),(470,192,87,'452012.5','2022-06-01 13:47:36','2022-06-01 13:47:36',0),(471,201,87,'698200','2022-06-01 13:47:36','2022-06-01 13:47:36',0),(472,204,87,'767084','2022-06-01 13:47:36','2022-06-01 13:47:36',0),(473,225,87,'198000','2022-06-01 13:47:36','2022-06-01 13:47:36',0),(474,19,87,'398000','2022-06-01 13:47:36','2022-06-01 13:47:36',0),(475,310,87,'448480','2022-06-01 13:47:36','2022-06-01 13:47:36',0),(476,186,88,'2439766','2022-06-01 13:55:00','2022-06-01 13:55:00',0),(477,236,88,'1698361','2022-06-01 13:55:00','2022-06-01 13:55:00',0),(478,56,88,'2616961','2022-06-01 13:55:00','2022-06-01 13:55:00',1),(479,320,88,'1518750','2022-06-01 13:55:00','2022-06-01 13:55:00',0),(480,339,88,'2934800','2022-06-01 13:55:00','2022-06-01 13:55:00',0),(481,160,89,'6233600','2022-06-01 14:01:21','2022-06-01 14:01:21',1),(482,191,89,'3976000','2022-06-01 14:01:21','2022-06-01 14:01:21',0),(483,224,89,'Multiple Currencies','2022-06-01 14:01:21','2022-06-01 14:01:21',0),(484,305,89,'4440000','2022-06-01 14:01:21','2022-06-01 14:01:21',0),(485,140,90,'4846460.5','2022-06-01 14:05:51','2022-06-01 14:05:51',0),(486,22,90,'4593096','2022-06-01 14:05:51','2022-06-01 14:05:51',0),(487,74,90,'4551785.5','2022-06-01 14:05:51','2022-06-01 14:05:51',0),(488,244,90,'1320598','2022-06-01 14:05:51','2022-06-01 14:05:51',0),(489,249,90,'3606905.05','2022-06-01 14:05:51','2022-06-01 14:05:51',1),(490,297,90,'3506579','2022-06-01 14:05:51','2022-06-01 14:05:51',0),(491,372,90,'4969500','2022-06-01 14:05:51','2022-06-01 14:05:51',0),(492,209,91,'830000','2022-06-01 14:10:24','2022-06-01 14:10:24',1),(493,216,91,'248000','2022-06-01 14:10:24','2022-06-01 14:10:24',0),(494,256,91,'365000','2022-06-01 14:10:24','2022-06-01 14:10:24',0),(495,19,91,'740000','2022-06-01 14:10:24','2022-06-01 14:10:24',0),(496,272,91,'309933','2022-06-01 14:10:24','2022-06-01 14:10:24',0),(497,286,91,'295000','2022-06-01 14:10:24','2022-06-01 14:10:24',0),(498,12,91,'1300000','2022-06-01 14:10:24','2022-06-01 14:10:24',0),(499,147,92,'1765000','2022-06-01 14:12:52','2022-06-01 14:12:52',0),(500,215,92,'774058.55','2022-06-01 14:12:52','2022-06-01 14:12:52',0),(501,222,92,'993000','2022-06-01 14:12:52','2022-06-01 14:12:52',1),(502,253,92,'306269','2022-06-01 14:12:52','2022-06-01 14:12:52',0),(503,108,93,'508050','2022-06-01 14:15:28','2022-06-01 14:15:28',0),(504,117,93,'189195','2022-06-01 14:15:28','2022-06-01 14:15:28',0),(505,135,93,'1020000','2022-06-01 14:15:28','2022-06-01 14:15:28',0),(506,8,93,'360000','2022-06-01 14:15:28','2022-06-01 14:15:28',1),(507,323,93,'148000','2022-06-01 14:15:28','2022-06-01 14:15:28',0),(508,328,93,'450000','2022-06-01 14:15:28','2022-06-01 14:15:28',0),(509,15,94,'4529297','2022-06-01 14:18:41','2022-06-01 14:18:41',0),(510,120,94,'1614063.41','2022-06-01 14:18:41','2022-06-01 14:18:41',0),(511,152,94,'2285060','2022-06-01 14:18:41','2022-06-01 14:18:41',0),(512,1,94,'1618680','2022-06-01 14:18:41','2022-06-01 14:18:41',0),(513,288,94,'1674680','2022-06-01 14:18:41','2022-06-01 14:18:41',0),(514,57,94,'2989900','2022-06-01 14:18:41','2022-06-01 14:18:41',0),(515,15,95,'70000','2022-06-01 14:20:58','2022-06-01 14:20:58',1),(516,53,95,'88800','2022-06-01 14:20:58','2022-06-01 14:20:58',0),(517,240,95,'89800','2022-06-01 14:20:59','2022-06-01 14:20:59',0),(518,1,95,'60000','2022-06-01 14:20:59','2022-06-01 14:20:59',0),(519,56,95,'87683','2022-06-01 14:20:59','2022-06-01 14:20:59',0),(520,15,96,NULL,'2022-06-01 14:22:38','2022-06-01 14:22:38',0),(521,1,96,NULL,'2022-06-01 14:22:38','2022-06-01 14:22:38',0),(522,173,97,'201600','2022-06-01 14:26:00','2022-06-01 14:26:00',0),(523,196,97,'200000','2022-06-01 14:26:00','2022-06-01 14:26:00',1),(524,200,97,'150000','2022-06-01 14:26:00','2022-06-01 14:26:00',0),(525,19,97,'185000','2022-06-01 14:26:00','2022-06-01 14:26:00',0),(526,26,97,'360919','2022-06-01 14:26:00','2022-06-01 14:26:00',0),(527,71,98,NULL,'2022-06-01 14:28:52','2022-06-01 14:28:52',0),(528,332,98,'4880120','2022-06-01 14:28:52','2022-06-01 14:28:52',1),(529,374,98,'3881707','2022-06-01 14:28:52','2022-06-01 14:28:52',0),(530,120,99,'16031860.93','2022-06-01 14:38:57','2022-06-01 14:38:57',0),(531,52,99,'23286682','2022-06-01 14:38:58','2022-06-01 14:38:58',0),(532,72,99,'14669371','2022-06-01 14:38:58','2022-06-01 14:38:58',0),(533,235,99,'9500000','2022-06-01 14:38:58','2022-06-01 14:38:58',0),(534,1,99,'4468540','2022-06-01 14:38:58','2022-06-01 14:38:58',1),(535,288,99,'18263244','2022-06-01 14:38:58','2022-06-01 14:38:58',0),(536,297,99,'22528523','2022-06-01 14:38:58','2022-06-01 14:38:58',0),(537,339,99,'16905734','2022-06-01 14:38:58','2022-06-01 14:38:58',0),(538,60,99,'22552857.66','2022-06-01 14:38:58','2022-06-01 14:38:58',0),(539,372,99,'21914500','2022-06-01 14:38:58','2022-06-01 14:38:58',0),(540,52,100,'7424463','2022-06-01 15:32:31','2022-06-01 15:32:31',0),(541,56,100,'1738000','2022-06-01 15:32:31','2022-06-01 15:32:31',1),(542,283,100,'1075039.16','2022-06-01 15:32:31','2022-06-01 15:32:31',0),(543,288,100,'2576700','2022-06-01 15:32:31','2022-06-01 15:32:31',0),(544,24,100,'965720','2022-06-01 15:32:31','2022-06-01 15:32:31',0),(545,60,100,'1597250','2022-06-01 15:32:31','2022-06-01 15:32:31',0),(546,65,100,'1640300.83','2022-06-01 15:32:31','2022-06-01 15:32:31',0),(547,71,101,NULL,'2022-06-01 15:36:40','2022-06-01 15:36:40',0),(548,332,101,'57682038','2022-06-01 15:36:40','2022-06-01 15:36:40',0),(549,52,102,'5981916','2022-06-01 15:38:45','2022-06-01 15:38:45',0),(550,189,102,'7525920','2022-06-01 15:38:45','2022-06-01 15:38:45',0),(551,339,102,'8162268','2022-06-01 15:38:45','2022-06-01 15:38:45',0),(552,347,102,'9255660','2022-06-01 15:38:45','2022-06-01 15:38:45',0),(553,65,102,'5802600','2022-06-01 15:38:45','2022-06-01 15:38:45',0),(554,112,103,'3381224','2022-06-01 15:44:15','2022-06-01 15:44:15',0),(555,134,103,'2566380','2022-06-01 15:44:15','2022-06-01 15:44:15',0),(556,142,103,'6476443','2022-06-01 15:44:15','2022-06-01 15:44:15',0),(557,161,103,'3735360','2022-06-01 15:44:15','2022-06-01 15:44:15',0),(558,242,103,'760720','2022-06-01 15:44:15','2022-06-01 15:44:15',0),(559,257,103,'3462192','2022-06-01 15:44:15','2022-06-01 15:44:15',0),(560,324,103,'2857604','2022-06-01 15:44:15','2022-06-01 15:44:15',0),(561,371,103,'3162454','2022-06-01 15:44:15','2022-06-01 15:44:15',0),(562,229,104,'9927192','2022-06-01 15:45:54','2022-06-01 15:45:54',0),(563,248,104,'13515191','2022-06-01 15:45:54','2022-06-01 15:45:54',0),(564,265,105,NULL,'2022-06-01 15:47:24','2022-06-01 15:47:24',0),(573,175,106,'3028500','2022-06-01 15:51:16','2022-06-01 15:51:16',0),(574,244,106,'2256350','2022-06-01 15:51:16','2022-06-01 15:51:16',0),(575,249,106,'6435271.3','2022-06-01 15:51:16','2022-06-01 15:51:16',0),(576,288,106,'4128358','2022-06-01 15:51:16','2022-06-01 15:51:16',1),(577,343,106,'2888762','2022-06-01 15:51:16','2022-06-01 15:51:16',0),(578,345,106,'2819341','2022-06-01 15:51:16','2022-06-01 15:51:16',0),(579,60,106,'3980779','2022-06-01 15:51:16','2022-06-01 15:51:16',0),(580,350,106,'3527406','2022-06-01 15:51:16','2022-06-01 15:51:16',0),(581,15,107,'4334102','2022-06-01 15:55:21','2022-06-01 15:55:21',0),(582,110,107,'3478950','2022-06-01 15:55:21','2022-06-01 15:55:21',0),(583,171,107,'2819400','2022-06-01 15:55:21','2022-06-01 15:55:21',0),(584,3,107,'17036400','2022-06-01 15:55:21','2022-06-01 15:55:21',0),(585,207,107,'9134000','2022-06-01 15:55:21','2022-06-01 15:55:21',0),(586,252,107,'7379400','2022-06-01 15:55:21','2022-06-01 15:55:21',0),(587,278,107,'7300328','2022-06-01 15:55:21','2022-06-01 15:55:21',0),(588,334,107,'6988000','2022-06-01 15:55:21','2022-06-01 15:55:21',0),(589,12,107,'18550000','2022-06-01 15:55:21','2022-06-01 15:55:21',0),(590,359,107,'3239800','2022-06-01 15:55:21','2022-06-01 15:55:21',0),(591,366,107,'6189700','2022-06-01 15:55:21','2022-06-01 15:55:21',0),(592,139,108,'1569628','2022-06-01 15:56:58','2022-06-01 15:56:58',0),(593,178,108,'510378','2022-06-01 15:56:58','2022-06-01 15:56:58',1),(594,127,109,'1252000','2022-06-01 16:00:24','2022-06-01 16:00:24',0),(595,22,109,'1292000','2022-06-01 16:00:24','2022-06-01 16:00:24',1),(596,175,109,'9685043','2022-06-01 16:00:24','2022-06-01 16:00:24',0),(597,239,109,'5369884','2022-06-01 16:00:24','2022-06-01 16:00:24',0),(598,249,109,'5369884','2022-06-01 16:00:24','2022-06-01 16:00:24',0),(599,288,109,'1836331','2022-06-01 16:00:24','2022-06-01 16:00:24',0),(600,343,109,'933900','2022-06-01 16:00:24','2022-06-01 16:00:24',0),(601,364,109,'1316035','2022-06-01 16:00:24','2022-06-01 16:00:24',0),(602,214,110,'1301776','2022-06-01 16:02:50','2022-06-01 16:02:50',0),(603,261,110,'2654811.04','2022-06-01 16:02:50','2022-06-01 16:02:50',0),(604,1,110,'4433608.94','2022-06-01 16:02:50','2022-06-01 16:02:50',0),(605,332,110,'3293841','2022-06-01 16:02:50','2022-06-01 16:02:50',0),(606,184,111,'43400','2022-06-01 16:04:11','2022-06-01 16:04:11',1),(607,208,112,'23921369.64','2022-06-01 16:07:11','2022-06-01 16:07:11',0),(608,260,112,'3465169.98','2022-06-01 16:07:11','2022-06-01 16:07:11',0),(609,56,112,'13789058.16','2022-06-01 16:07:11','2022-06-01 16:07:11',1),(610,56,112,'15062678.16','2022-06-01 16:07:11','2022-06-01 16:07:11',1),(611,64,112,'29895984','2022-06-01 16:07:11','2022-06-01 16:07:11',0),(612,203,113,'7264264','2022-06-01 16:09:25','2022-06-01 16:09:25',0),(613,55,113,NULL,'2022-06-01 16:09:25','2022-06-01 16:09:25',0),(614,339,113,'8353207','2022-06-01 16:09:25','2022-06-01 16:09:25',1),(615,235,114,'1918340','2022-06-01 16:11:15','2022-06-01 16:11:15',0),(616,339,114,'1231000','2022-06-01 16:11:15','2022-06-01 16:11:15',1),(617,133,115,'83629.63','2022-06-01 16:14:37','2022-06-01 16:14:37',0),(618,141,115,'69500','2022-06-01 16:14:37','2022-06-01 16:14:37',1),(619,166,115,'95500','2022-06-01 16:14:37','2022-06-01 16:14:37',0),(620,168,115,'75000','2022-06-01 16:14:37','2022-06-01 16:14:37',0),(621,190,115,'62400','2022-06-01 16:14:37','2022-06-01 16:14:37',0),(622,211,115,'84000','2022-06-01 16:14:37','2022-06-01 16:14:37',0),(623,284,115,'49000','2022-06-01 16:14:37','2022-06-01 16:14:37',0),(624,309,115,'19000','2022-06-01 16:14:37','2022-06-01 16:14:37',0),(625,376,115,'184185','2022-06-01 16:14:37','2022-06-01 16:14:37',0),(626,194,116,'4860376','2022-06-01 16:19:16','2022-06-01 16:19:16',0),(627,248,116,'2505995','2022-06-01 16:19:16','2022-06-01 16:19:16',0),(628,1,116,'3084011','2022-06-01 16:19:16','2022-06-01 16:19:16',0),(629,280,116,'1628100','2022-06-01 16:19:16','2022-06-01 16:19:16',1),(630,301,116,'1695583','2022-06-01 16:19:16','2022-06-01 16:19:16',0),(631,370,116,'1234400','2022-06-01 16:19:16','2022-06-01 16:19:16',0),(632,125,117,'4366980','2022-06-01 16:22:18','2022-06-01 16:22:18',0),(633,145,117,'3292700','2022-06-01 16:22:18','2022-06-01 16:22:18',0),(634,248,117,'2','2022-06-01 16:22:18','2022-06-01 16:22:18',0),(635,269,117,'6002721.13','2022-06-01 16:22:18','2022-06-01 16:22:18',0),(636,1,117,'12562844','2022-06-01 16:22:18','2022-06-01 16:22:18',0),(637,288,117,'3975644','2022-06-01 16:22:18','2022-06-01 16:22:18',1),(638,290,117,'2234283','2022-06-01 16:22:18','2022-06-01 16:22:18',0),(639,65,117,'2','2022-06-01 16:22:18','2022-06-01 16:22:18',0),(640,132,118,'33500','2022-06-01 16:28:25','2022-06-01 16:28:25',0),(641,196,118,'186170','2022-06-01 16:28:25','2022-06-01 16:28:25',0),(642,346,118,'99629','2022-06-01 16:28:25','2022-06-01 16:28:25',1),(643,1,119,'5338395','2022-06-01 16:30:25','2022-06-01 16:30:25',1),(644,281,120,'69600','2022-06-01 16:32:59','2022-06-01 16:32:59',1),(645,294,120,'80243','2022-06-01 16:32:59','2022-06-01 16:32:59',0),(646,351,120,'63600','2022-06-01 16:32:59','2022-06-01 16:32:59',0),(647,267,123,NULL,'2022-06-01 16:39:23','2022-06-01 16:39:23',0),(648,176,123,NULL,'2022-06-01 16:39:23','2022-06-01 16:39:23',1),(649,380,124,NULL,'2022-06-01 16:40:58','2022-06-01 16:40:58',0),(650,1,124,NULL,'2022-06-01 16:40:58','2022-06-01 16:40:58',1),(651,15,125,NULL,'2022-06-01 16:43:18','2022-06-01 16:43:18',1),(652,381,126,NULL,'2022-06-01 16:44:43','2022-06-01 16:44:43',1),(653,382,127,NULL,'2022-06-01 16:46:12','2022-06-01 16:46:12',1),(654,383,129,'249800','2022-06-13 22:26:23','2022-06-13 22:26:23',0),(655,1,129,'300000','2022-06-13 22:26:23','2022-06-13 22:26:23',0),(656,15,130,'4334102','2022-06-13 22:26:23','2022-06-13 22:26:23',0),(657,384,130,'3478950','2022-06-13 22:26:23','2022-06-13 22:26:23',0);
/*!40000 ALTER TABLE `opportunity_respondents` ENABLE KEYS */;
UNLOCK TABLES;

--
-- Table structure for table `opportunity_supply_heads`
--

DROP TABLE IF EXISTS `opportunity_supply_heads`;
/*!40101 SET @saved_cs_client     = @@character_set_client */;
/*!50503 SET character_set_client = utf8mb4 */;
CREATE TABLE `opportunity_supply_heads` (
  `opportunity_supply_head_id` int NOT NULL AUTO_INCREMENT,
  `opportunity_id` int NOT NULL,
  `supply_head_id` int NOT NULL,
  `created_at` timestamp NULL DEFAULT CURRENT_TIMESTAMP,
  `updated_at` timestamp NULL DEFAULT CURRENT_TIMESTAMP,
  PRIMARY KEY (`opportunity_supply_head_id`),
  KEY `fk_supply_head_id_idx` (`supply_head_id`),
  KEY `fk_opportunities_supply_head_idx` (`opportunity_id`),
  CONSTRAINT `fk_opportunities_supply_head` FOREIGN KEY (`opportunity_id`) REFERENCES `opportunities` (`opportunity_id`),
  CONSTRAINT `fk_supply_head_id` FOREIGN KEY (`supply_head_id`) REFERENCES `supply_heads` (`supply_head_id`)
) ENGINE=InnoDB AUTO_INCREMENT=124 DEFAULT CHARSET=utf8mb4 COLLATE=utf8mb4_0900_ai_ci;
/*!40101 SET character_set_client = @saved_cs_client */;

--
-- Dumping data for table `opportunity_supply_heads`
--

LOCK TABLES `opportunity_supply_heads` WRITE;
/*!40000 ALTER TABLE `opportunity_supply_heads` DISABLE KEYS */;
INSERT INTO `opportunity_supply_heads` VALUES (1,1,2,'2022-06-11 20:00:29','2022-06-11 20:00:29'),(2,2,4,'2022-06-11 20:00:29','2022-06-11 20:00:29'),(3,3,3,'2022-06-11 20:00:29','2022-06-11 20:00:29'),(4,4,2,'2022-06-11 20:01:28','2022-06-11 20:01:28'),(5,5,1,'2022-06-11 20:01:28','2022-06-11 20:01:28'),(6,6,2,'2022-06-11 20:01:28','2022-06-11 20:01:28'),(7,7,2,'2022-06-11 20:01:28','2022-06-11 20:01:28'),(8,8,2,'2022-06-11 20:01:28','2022-06-11 20:01:28'),(9,9,2,'2022-06-11 20:01:28','2022-06-11 20:01:28'),(10,10,2,'2022-06-11 20:01:28','2022-06-11 20:01:28'),(11,11,2,'2022-06-11 20:01:28','2022-06-11 20:01:28'),(12,13,2,'2022-06-11 20:01:28','2022-06-11 20:01:28'),(13,14,2,'2022-06-11 20:01:28','2022-06-11 20:01:28'),(14,15,2,'2022-06-11 20:01:28','2022-06-11 20:01:28'),(15,16,2,'2022-06-11 20:01:28','2022-06-11 20:01:28'),(16,16,4,'2022-06-11 20:01:28','2022-06-11 20:01:28'),(17,17,2,'2022-06-11 20:01:28','2022-06-11 20:01:28'),(18,18,2,'2022-06-11 20:01:28','2022-06-11 20:01:28'),(19,19,12,'2022-06-11 20:02:23','2022-06-11 20:02:23'),(20,20,1,'2022-06-11 20:02:23','2022-06-11 20:02:23'),(21,21,1,'2022-06-11 20:02:23','2022-06-11 20:02:23'),(22,23,2,'2022-06-11 20:02:23','2022-06-11 20:02:23'),(23,24,2,'2022-06-11 20:02:23','2022-06-11 20:02:23'),(24,25,1,'2022-06-11 20:02:23','2022-06-11 20:02:23'),(25,26,1,'2022-06-11 20:02:23','2022-06-11 20:02:23'),(26,27,4,'2022-06-11 20:02:23','2022-06-11 20:02:23'),(27,28,12,'2022-06-11 20:02:23','2022-06-11 20:02:23'),(28,29,2,'2022-06-11 20:02:23','2022-06-11 20:02:23'),(29,30,2,'2022-06-11 20:02:23','2022-06-11 20:02:23'),(30,31,2,'2022-06-11 20:02:23','2022-06-11 20:02:23'),(31,32,1,'2022-06-11 20:02:23','2022-06-11 20:02:23'),(32,33,1,'2022-06-11 20:02:23','2022-06-11 20:02:23'),(33,34,2,'2022-06-11 20:02:58','2022-06-11 20:02:58'),(34,35,2,'2022-06-11 20:02:58','2022-06-11 20:02:58'),(35,36,1,'2022-06-11 20:02:58','2022-06-11 20:02:58'),(36,37,2,'2022-06-11 20:02:58','2022-06-11 20:02:58'),(37,38,2,'2022-06-11 20:02:58','2022-06-11 20:02:58'),(38,39,14,'2022-06-11 20:02:58','2022-06-11 20:02:58'),(39,40,2,'2022-06-11 20:04:16','2022-06-11 20:04:16'),(40,41,2,'2022-06-11 20:04:16','2022-06-11 20:04:16'),(41,42,2,'2022-06-11 20:04:16','2022-06-11 20:04:16'),(42,43,2,'2022-06-11 20:04:16','2022-06-11 20:04:16'),(43,44,1,'2022-06-11 20:04:16','2022-06-11 20:04:16'),(44,45,2,'2022-06-11 20:04:16','2022-06-11 20:04:16'),(45,46,2,'2022-06-11 20:04:16','2022-06-11 20:04:16'),(46,47,1,'2022-06-11 20:04:16','2022-06-11 20:04:16'),(47,48,2,'2022-06-11 20:04:16','2022-06-11 20:04:16'),(48,49,2,'2022-06-11 20:04:16','2022-06-11 20:04:16'),(49,50,1,'2022-06-11 20:04:16','2022-06-11 20:04:16'),(50,51,2,'2022-06-11 20:04:33','2022-06-11 20:04:33'),(51,52,2,'2022-06-11 20:04:33','2022-06-11 20:04:33'),(52,53,1,'2022-06-11 20:04:33','2022-06-11 20:04:33'),(53,54,4,'2022-06-11 20:04:33','2022-06-11 20:04:33'),(54,55,4,'2022-06-11 20:04:33','2022-06-11 20:04:33'),(55,56,2,'2022-06-11 20:04:45','2022-06-11 20:04:45'),(56,56,12,'2022-06-11 20:04:45','2022-06-11 20:04:45'),(57,57,10,'2022-06-11 20:07:07','2022-06-11 20:07:07'),(58,58,1,'2022-06-11 20:07:07','2022-06-11 20:07:07'),(59,59,1,'2022-06-11 20:07:07','2022-06-11 20:07:07'),(60,60,2,'2022-06-11 20:07:07','2022-06-11 20:07:07'),(61,61,4,'2022-06-11 20:08:39','2022-06-11 20:08:39'),(62,62,1,'2022-06-11 20:08:39','2022-06-11 20:08:39'),(63,63,1,'2022-06-11 20:08:39','2022-06-11 20:08:39'),(64,64,1,'2022-06-11 20:08:39','2022-06-11 20:08:39'),(65,65,4,'2022-06-11 20:08:39','2022-06-11 20:08:39'),(66,66,2,'2022-06-11 20:08:39','2022-06-11 20:08:39'),(67,67,4,'2022-06-11 20:08:39','2022-06-11 20:08:39'),(68,68,4,'2022-06-11 20:08:39','2022-06-11 20:08:39'),(69,69,1,'2022-06-11 20:08:39','2022-06-11 20:08:39'),(70,70,4,'2022-06-11 20:08:39','2022-06-11 20:08:39'),(71,71,2,'2022-06-11 20:09:15','2022-06-11 20:09:15'),(72,72,4,'2022-06-11 20:09:15','2022-06-11 20:09:15'),(73,73,1,'2022-06-11 20:09:15','2022-06-11 20:09:15'),(74,74,1,'2022-06-11 20:09:15','2022-06-11 20:09:15'),(75,75,2,'2022-06-11 20:09:15','2022-06-11 20:09:15'),(76,76,2,'2022-06-11 20:09:15','2022-06-11 20:09:15'),(77,77,2,'2022-06-11 20:09:15','2022-06-11 20:09:15'),(78,78,2,'2022-06-11 20:09:15','2022-06-11 20:09:15'),(79,79,2,'2022-06-11 20:09:15','2022-06-11 20:09:15'),(80,80,2,'2022-06-11 20:09:15','2022-06-11 20:09:15'),(81,81,2,'2022-06-11 20:09:30','2022-06-11 20:09:30'),(82,82,2,'2022-06-11 20:09:30','2022-06-11 20:09:30'),(83,84,2,'2022-06-11 20:09:42','2022-06-11 20:09:42'),(84,85,1,'2022-06-11 20:09:42','2022-06-11 20:09:42'),(85,86,1,'2022-06-11 20:10:01','2022-06-11 20:10:01'),(86,87,4,'2022-06-11 20:10:01','2022-06-11 20:10:01'),(87,88,2,'2022-06-11 20:10:01','2022-06-11 20:10:01'),(88,89,2,'2022-06-11 20:10:01','2022-06-11 20:10:01'),(89,90,2,'2022-06-11 20:10:01','2022-06-11 20:10:01'),(90,91,4,'2022-06-11 20:11:21','2022-06-11 20:11:21'),(91,92,4,'2022-06-11 20:11:21','2022-06-11 20:11:21'),(92,93,4,'2022-06-11 20:11:21','2022-06-11 20:11:21'),(93,94,4,'2022-06-11 20:11:21','2022-06-11 20:11:21'),(94,95,1,'2022-06-11 20:11:21','2022-06-11 20:11:21'),(95,96,1,'2022-06-11 20:11:21','2022-06-11 20:11:21'),(96,97,4,'2022-06-11 20:11:21','2022-06-11 20:11:21'),(97,98,2,'2022-06-11 20:11:21','2022-06-11 20:11:21'),(98,99,2,'2022-06-11 20:11:21','2022-06-11 20:11:21'),(99,100,2,'2022-06-11 20:11:21','2022-06-11 20:11:21'),(100,101,2,'2022-06-11 20:11:21','2022-06-11 20:11:21'),(101,102,2,'2022-06-11 20:11:21','2022-06-11 20:11:21'),(102,103,2,'2022-06-11 20:11:21','2022-06-11 20:11:21'),(103,104,2,'2022-06-11 20:11:21','2022-06-11 20:11:21'),(104,105,1,'2022-06-11 20:11:21','2022-06-11 20:11:21'),(105,106,2,'2022-06-11 20:11:21','2022-06-11 20:11:21'),(106,107,4,'2022-06-11 20:11:48','2022-06-11 20:11:48'),(107,107,12,'2022-06-11 20:11:48','2022-06-11 20:11:48'),(108,107,15,'2022-06-11 20:11:48','2022-06-11 20:11:48'),(109,108,2,'2022-06-11 20:11:48','2022-06-11 20:11:48'),(110,109,2,'2022-06-11 20:11:48','2022-06-11 20:11:48'),(111,110,2,'2022-06-11 20:11:48','2022-06-11 20:11:48'),(112,111,1,'2022-06-11 20:12:39','2022-06-11 20:12:39'),(113,112,4,'2022-06-11 20:12:39','2022-06-11 20:12:39'),(114,112,12,'2022-06-11 20:12:39','2022-06-11 20:12:39'),(115,113,2,'2022-06-11 20:12:39','2022-06-11 20:12:39'),(116,114,2,'2022-06-11 20:12:39','2022-06-11 20:12:39'),(117,116,2,'2022-06-11 20:12:39','2022-06-11 20:12:39'),(118,119,2,'2022-06-11 20:12:39','2022-06-11 20:12:39'),(119,121,2,'2022-06-11 20:12:39','2022-06-11 20:12:39'),(120,121,4,'2022-06-11 20:12:39','2022-06-11 20:12:39'),(121,126,1,'2022-06-11 20:12:39','2022-06-11 20:12:39'),(122,127,1,'2022-06-11 20:12:39','2022-06-11 20:12:39'),(123,129,16,'2022-06-13 21:08:52','2022-06-13 21:08:52');
/*!40000 ALTER TABLE `opportunity_supply_heads` ENABLE KEYS */;
UNLOCK TABLES;

--
-- Table structure for table `parent_agencies`
--

DROP TABLE IF EXISTS `parent_agencies`;
/*!40101 SET @saved_cs_client     = @@character_set_client */;
/*!50503 SET character_set_client = utf8mb4 */;
CREATE TABLE `parent_agencies` (
  `parent_agency_id` int NOT NULL AUTO_INCREMENT,
  `parent_agency_name` varchar(225) NOT NULL,
  `created_at` timestamp NOT NULL DEFAULT CURRENT_TIMESTAMP,
  `updated_at` timestamp NOT NULL DEFAULT CURRENT_TIMESTAMP,
  PRIMARY KEY (`parent_agency_id`),
  UNIQUE KEY `parent_id_UNIQUE` (`parent_agency_id`),
  UNIQUE KEY `parent_agency_UNIQUE` (`parent_agency_name`)
) ENGINE=InnoDB AUTO_INCREMENT=18 DEFAULT CHARSET=utf8mb4 COLLATE=utf8mb4_0900_ai_ci;
/*!40101 SET character_set_client = @saved_cs_client */;

--
-- Dumping data for table `parent_agencies`
--

LOCK TABLES `parent_agencies` WRITE;
/*!40000 ALTER TABLE `parent_agencies` DISABLE KEYS */;
INSERT INTO `parent_agencies` VALUES (1,'MOM','2022-05-18 11:52:29','2022-05-18 11:52:29'),(2,'MOE','2022-05-18 11:52:43','2022-05-18 11:52:43'),(3,'MCI','2022-05-31 10:08:09','2022-05-31 10:08:09'),(4,'AGC','2022-06-01 02:22:55','2022-06-01 02:22:55'),(5,'MCCY','2022-06-01 02:22:55','2022-06-01 02:22:55'),(6,'MFA','2022-06-01 02:22:55','2022-06-01 02:22:55'),(7,'MHA','2022-06-01 02:22:55','2022-06-01 02:22:55'),(8,'MINDEF','2022-06-01 02:22:55','2022-06-01 02:22:55'),(9,'MINLAW','2022-06-01 02:22:55','2022-06-01 02:22:55'),(10,'MND','2022-06-01 02:22:55','2022-06-01 02:22:55'),(11,'MOF','2022-06-01 02:22:55','2022-06-01 02:22:55'),(12,'MOH','2022-06-01 02:22:55','2022-06-01 02:22:55'),(13,'MOT','2022-06-01 02:22:55','2022-06-01 02:22:55'),(14,'MSE','2022-06-01 02:22:55','2022-06-01 02:22:55'),(15,'MSF','2022-06-01 02:22:55','2022-06-01 02:22:55'),(16,'MTI','2022-06-01 02:22:55','2022-06-01 02:22:55'),(17,'PMO','2022-06-01 02:22:55','2022-06-01 02:22:55');
/*!40000 ALTER TABLE `parent_agencies` ENABLE KEYS */;
UNLOCK TABLES;

--
-- Table structure for table `privileges`
--

DROP TABLE IF EXISTS `privileges`;
/*!40101 SET @saved_cs_client     = @@character_set_client */;
/*!50503 SET character_set_client = utf8mb4 */;
CREATE TABLE `privileges` (
  `privilege_id` int NOT NULL AUTO_INCREMENT,
  `privilege` varchar(225) NOT NULL,
  `created_at` timestamp NOT NULL DEFAULT CURRENT_TIMESTAMP,
  `updated_at` timestamp NOT NULL DEFAULT CURRENT_TIMESTAMP,
  PRIMARY KEY (`privilege_id`),
  UNIQUE KEY `privilege_id_UNIQUE` (`privilege_id`)
) ENGINE=InnoDB DEFAULT CHARSET=utf8mb4 COLLATE=utf8mb4_0900_ai_ci;
/*!40101 SET character_set_client = @saved_cs_client */;

--
-- Dumping data for table `privileges`
--

LOCK TABLES `privileges` WRITE;
/*!40000 ALTER TABLE `privileges` DISABLE KEYS */;
/*!40000 ALTER TABLE `privileges` ENABLE KEYS */;
UNLOCK TABLES;

--
-- Table structure for table `procurement_category_main`
--

DROP TABLE IF EXISTS `procurement_category_main`;
/*!40101 SET @saved_cs_client     = @@character_set_client */;
/*!50503 SET character_set_client = utf8mb4 */;
CREATE TABLE `procurement_category_main` (
  `procurement_category_main_id` int NOT NULL AUTO_INCREMENT,
  `name` varchar(255) NOT NULL,
  `created_at` timestamp NOT NULL DEFAULT CURRENT_TIMESTAMP,
  `updated_at` timestamp NOT NULL DEFAULT CURRENT_TIMESTAMP,
  PRIMARY KEY (`procurement_category_main_id`),
  UNIQUE KEY `procurement_id_UNIQUE` (`procurement_category_main_id`)
) ENGINE=InnoDB AUTO_INCREMENT=5 DEFAULT CHARSET=utf8mb4 COLLATE=utf8mb4_0900_ai_ci;
/*!40101 SET character_set_client = @saved_cs_client */;

--
-- Dumping data for table `procurement_category_main`
--

LOCK TABLES `procurement_category_main` WRITE;
/*!40000 ALTER TABLE `procurement_category_main` DISABLE KEYS */;
INSERT INTO `procurement_category_main` VALUES (1,'IT&Telecommunication','2022-05-18 12:16:45','2022-05-18 12:16:45'),(2,'Services','2022-05-18 12:16:45','2022-05-18 12:16:45'),(3,'Miscellaneous','2022-06-01 02:57:21','2022-06-01 02:57:21'),(4,'Dental, Medical & Laboratory','2022-06-13 13:39:27','2022-06-13 13:39:27');
/*!40000 ALTER TABLE `procurement_category_main` ENABLE KEYS */;
UNLOCK TABLES;

--
-- Table structure for table `procurement_category_sub`
--

DROP TABLE IF EXISTS `procurement_category_sub`;
/*!40101 SET @saved_cs_client     = @@character_set_client */;
/*!50503 SET character_set_client = utf8mb4 */;
CREATE TABLE `procurement_category_sub` (
  `procurement_category_sub_id` int NOT NULL AUTO_INCREMENT,
  `name` varchar(255) NOT NULL,
  `procurement_category_main_id` int NOT NULL,
  `created_at` timestamp NOT NULL DEFAULT CURRENT_TIMESTAMP,
  `updated_at` timestamp NOT NULL DEFAULT CURRENT_TIMESTAMP,
  PRIMARY KEY (`procurement_category_sub_id`),
  UNIQUE KEY `sub_id_UNIQUE` (`procurement_category_sub_id`),
  KEY `fk_procurement_id_idx` (`procurement_category_main_id`),
  CONSTRAINT `fk_procurement_head_id` FOREIGN KEY (`procurement_category_main_id`) REFERENCES `procurement_category_main` (`procurement_category_main_id`)
) ENGINE=InnoDB AUTO_INCREMENT=9 DEFAULT CHARSET=utf8mb4 COLLATE=utf8mb4_0900_ai_ci;
/*!40101 SET character_set_client = @saved_cs_client */;

--
-- Dumping data for table `procurement_category_sub`
--

LOCK TABLES `procurement_category_sub` WRITE;
/*!40000 ALTER TABLE `procurement_category_sub` DISABLE KEYS */;
INSERT INTO `procurement_category_sub` VALUES (1,'IT Services & Software Development',1,'2022-05-18 12:17:40','2022-05-18 12:17:40'),(2,'Professional Services',2,'2022-05-18 12:17:40','2022-05-18 12:17:40'),(3,'Advertising Services',2,'2022-05-18 12:17:40','2022-05-18 12:17:40'),(4,'Others',1,'2022-06-01 02:58:21','2022-06-01 02:58:21'),(5,'Softwares & Licences',1,'2022-06-01 02:58:21','2022-06-01 02:58:21'),(6,'Others',3,'2022-06-01 02:58:21','2022-06-01 02:58:21'),(7,'Disposal Management',3,'2022-06-13 13:41:53','2022-06-13 13:41:53'),(8,'Laboratory Equipment & Supplies',4,'2022-06-13 13:41:53','2022-06-13 13:41:53');
/*!40000 ALTER TABLE `procurement_category_sub` ENABLE KEYS */;
UNLOCK TABLES;

--
-- Table structure for table `procurement_methods`
--

DROP TABLE IF EXISTS `procurement_methods`;
/*!40101 SET @saved_cs_client     = @@character_set_client */;
/*!50503 SET character_set_client = utf8mb4 */;
CREATE TABLE `procurement_methods` (
  `procurement_method_id` int NOT NULL AUTO_INCREMENT,
  `procurement_method_name` varchar(225) NOT NULL,
  `created_at` timestamp NOT NULL DEFAULT CURRENT_TIMESTAMP,
  `updated_at` timestamp NOT NULL DEFAULT CURRENT_TIMESTAMP,
  PRIMARY KEY (`procurement_method_id`),
  UNIQUE KEY `procurement_id_UNIQUE` (`procurement_method_id`),
  UNIQUE KEY `procurement_method_UNIQUE` (`procurement_method_name`)
) ENGINE=InnoDB AUTO_INCREMENT=7 DEFAULT CHARSET=utf8mb4 COLLATE=utf8mb4_0900_ai_ci;
/*!40101 SET character_set_client = @saved_cs_client */;

--
-- Dumping data for table `procurement_methods`
--

LOCK TABLES `procurement_methods` WRITE;
/*!40000 ALTER TABLE `procurement_methods` DISABLE KEYS */;
INSERT INTO `procurement_methods` VALUES (1,'NA','2022-05-18 12:02:48','2022-05-18 12:02:48'),(2,'OPEN QUOTATION','2022-05-18 12:02:48','2022-05-18 12:02:48'),(3,'LIMITED QUOTATION ','2022-05-18 12:02:48','2022-05-18 12:02:48'),(4,'OPEN TENDER','2022-05-18 12:02:48','2022-05-18 12:02:48'),(5,'SELECTIVE TENDER','2022-05-18 12:02:48','2022-05-18 12:02:48'),(6,'LIMITED TENDER','2022-05-18 12:11:07','2022-05-18 12:11:07');
/*!40000 ALTER TABLE `procurement_methods` ENABLE KEYS */;
UNLOCK TABLES;

--
-- Table structure for table `procurement_natures`
--

DROP TABLE IF EXISTS `procurement_natures`;
/*!40101 SET @saved_cs_client     = @@character_set_client */;
/*!50503 SET character_set_client = utf8mb4 */;
CREATE TABLE `procurement_natures` (
  `procurement_nature_id` int NOT NULL AUTO_INCREMENT,
  `procurement_nature_name` varchar(255) NOT NULL,
  `created_at` timestamp NOT NULL DEFAULT CURRENT_TIMESTAMP,
  `updated_at` timestamp NOT NULL DEFAULT CURRENT_TIMESTAMP,
  PRIMARY KEY (`procurement_nature_id`),
  UNIQUE KEY `procurement_nature_id_UNIQUE` (`procurement_nature_id`)
) ENGINE=InnoDB AUTO_INCREMENT=4 DEFAULT CHARSET=utf8mb4 COLLATE=utf8mb4_0900_ai_ci;
/*!40101 SET character_set_client = @saved_cs_client */;

--
-- Dumping data for table `procurement_natures`
--

LOCK TABLES `procurement_natures` WRITE;
/*!40000 ALTER TABLE `procurement_natures` DISABLE KEYS */;
INSERT INTO `procurement_natures` VALUES (1,'NA','2022-05-31 10:22:04','2022-05-31 10:22:04'),(2,'Period Contract','2022-05-31 10:22:04','2022-05-31 10:22:04'),(3,'Non Period Contract','2022-05-31 10:22:04','2022-05-31 10:22:04');
/*!40000 ALTER TABLE `procurement_natures` ENABLE KEYS */;
UNLOCK TABLES;

--
-- Table structure for table `procurement_types`
--

DROP TABLE IF EXISTS `procurement_types`;
/*!40101 SET @saved_cs_client     = @@character_set_client */;
/*!50503 SET character_set_client = utf8mb4 */;
CREATE TABLE `procurement_types` (
  `procurement_type_id` int NOT NULL AUTO_INCREMENT,
  `procurement_type_name` varchar(225) NOT NULL,
  `created_at` timestamp NOT NULL DEFAULT CURRENT_TIMESTAMP,
  `updated_at` timestamp NOT NULL DEFAULT CURRENT_TIMESTAMP,
  PRIMARY KEY (`procurement_type_id`),
  UNIQUE KEY `procurement_id_UNIQUE` (`procurement_type_id`),
  UNIQUE KEY `procurement_type_UNIQUE` (`procurement_type_name`)
) ENGINE=InnoDB AUTO_INCREMENT=5 DEFAULT CHARSET=utf8mb4 COLLATE=utf8mb4_0900_ai_ci;
/*!40101 SET character_set_client = @saved_cs_client */;

--
-- Dumping data for table `procurement_types`
--

LOCK TABLES `procurement_types` WRITE;
/*!40000 ALTER TABLE `procurement_types` DISABLE KEYS */;
INSERT INTO `procurement_types` VALUES (1,'NA','2022-05-18 12:08:58','2022-05-18 12:08:58'),(2,'Construction','2022-05-18 12:08:58','2022-05-18 12:08:58'),(3,'Goods','2022-05-18 12:08:58','2022-05-18 12:08:58'),(4,'Services','2022-05-18 12:08:58','2022-05-18 12:08:58');
/*!40000 ALTER TABLE `procurement_types` ENABLE KEYS */;
UNLOCK TABLES;

--
-- Table structure for table `respondents`
--

DROP TABLE IF EXISTS `respondents`;
/*!40101 SET @saved_cs_client     = @@character_set_client */;
/*!50503 SET character_set_client = utf8mb4 */;
CREATE TABLE `respondents` (
  `respondent_id` int NOT NULL AUTO_INCREMENT,
  `respondent_name` varchar(225) NOT NULL,
  `created_at` timestamp NOT NULL DEFAULT CURRENT_TIMESTAMP,
  `updated_at` timestamp NOT NULL DEFAULT CURRENT_TIMESTAMP,
  PRIMARY KEY (`respondent_id`),
  UNIQUE KEY `respondent_id_UNIQUE` (`respondent_id`),
  UNIQUE KEY `respondent_name_UNIQUE` (`respondent_name`)
) ENGINE=InnoDB AUTO_INCREMENT=385 DEFAULT CHARSET=utf8mb4 COLLATE=utf8mb4_0900_ai_ci;
/*!40101 SET character_set_client = @saved_cs_client */;

--
-- Dumping data for table `respondents`
--

LOCK TABLES `respondents` WRITE;
/*!40000 ALTER TABLE `respondents` DISABLE KEYS */;
INSERT INTO `respondents` VALUES (1,'NCS PTE. LTD.','2022-05-18 12:18:57','2022-05-18 12:18:57'),(2,'TATA CONSULTANCY SERVICES ASIA PACIFIC PTE. LTD.','2022-05-18 12:21:20','2022-05-18 12:21:20'),(3,'DELOITTE CONSULTING PTE. LTD.','2022-05-18 12:27:27','2022-05-18 12:27:27'),(4,'AADVANTAGE CONSULTING GROUP PTE. LTD.','2022-05-18 12:29:27','2022-05-18 12:29:27'),(5,'ALIGHT SOLUTIONS PTE.LIMITED','2022-05-18 12:29:27','2022-05-18 12:29:27'),(6,'ALVIGOR PTE LTD','2022-05-18 12:29:27','2022-05-18 12:29:27'),(7,'ARTHUR d. LITTLE ASIA PTE LTD','2022-05-18 12:29:27','2022-05-18 12:29:27'),(8,'CAPELLE CONSULTING PTE LTD','2022-05-18 12:29:27','2022-05-18 12:29:27'),(9,'ERNEST & YOUNG ADVISORY PTE. LTD.','2022-05-18 12:29:27','2022-05-18 12:29:27'),(10,'Mohammed Nawaz','2022-05-18 12:29:27','2022-05-18 12:29:27'),(11,'PRICEWATERHOUSECOOPERS RISK SERVICES PTE. LTD.','2022-05-18 12:29:27','2022-05-18 12:29:27'),(12,'THE BOSTON CONSULTING GROUP SINGAPORE PTE LTD','2022-05-18 12:29:27','2022-05-18 12:29:27'),(13,'Uniform Pte Ltd ','2022-05-18 12:44:01','2022-05-18 12:44:01'),(14,'Wild Advertising & Marketing Pte Ltd','2022-05-18 12:44:01','2022-05-18 12:44:01'),(15,'ACCENTURE SG SERVICES PTE. LTD.','2022-05-18 12:45:37','2022-05-18 12:45:37'),(16,'ALSOKNOWNAS PTE. LTD.','2022-05-18 12:45:37','2022-05-18 12:45:37'),(17,'APE WORKS PTE. LTD.','2022-05-18 12:45:37','2022-05-18 12:45:37'),(18,'GRVTY MEDIA PTE. LTD.','2022-05-18 12:45:37','2022-05-18 12:45:37'),(19,'KPMG SERVICES PTE. LTD.','2022-05-18 12:45:37','2022-05-18 12:45:37'),(20,'SPRG SINGAPORE','2022-05-18 12:45:37','2022-05-18 12:45:37'),(21,'VINTEDGE PTE LTD','2022-05-18 12:45:37','2022-05-18 12:45:37'),(22,'AZAAS PTE. LTD.','2022-05-18 12:51:18','2022-05-18 12:51:18'),(23,'HCL SINGAPORE PTE. LTD.','2022-05-18 12:51:18','2022-05-18 12:51:18'),(24,'S & I SYSTEMS PTE LTD','2022-05-18 12:51:18','2022-05-18 12:51:18'),(25,'LUMEN TECHNOLOGIES SINGAPORE PTE LTD','2022-05-18 12:53:57','2022-05-18 12:53:57'),(26,'ST ENGINEERING INFO-SECURITY PTE. LTD.','2022-05-18 12:53:57','2022-05-18 12:53:57'),(27,'Casalini Libri:SpA','2022-05-31 10:16:24','2022-05-31 10:16:24'),(28,'metaphacts GmbH','2022-05-31 10:16:24','2022-05-31 10:16:24'),(29,'TAIGER SINGAPORE PTE LTD','2022-05-31 10:16:24','2022-05-31 10:16:24'),(30,'DATUMSTRUCT (CFS) PTE. LTD.','2022-05-31 10:27:32','2022-05-31 10:27:32'),(31,'POWER AUTOMATION PTE LTD','2022-05-31 10:27:32','2022-05-31 10:27:32'),(32,'PRO-MATRIX PTE LTD','2022-05-31 10:27:32','2022-05-31 10:27:32'),(51,'ACTIVATE INTERACTIVE PTE LTD','2022-05-31 10:37:42','2022-05-31 10:37:42'),(52,'COGNIZANT TECHNOLOGY SOLUTIONS ASIA PACIFIC PTE LTD','2022-05-31 10:37:42','2022-05-31 10:37:42'),(53,'EY DIGITAL PTE. LTD.','2022-05-31 10:37:42','2022-05-31 10:37:42'),(54,'MAVENTREE TECHNOLOGY PTE. LTD.','2022-05-31 10:37:42','2022-05-31 10:37:42'),(55,'NCODE CONSULTANT PTE LTD','2022-05-31 10:37:42','2022-05-31 10:37:42'),(56,'NEC ASIA PACIFIC PTE. LTD.','2022-05-31 10:37:42','2022-05-31 10:37:42'),(57,'OPTIMUM SOLUTIONS (SINGAPORE) PTE LTD','2022-05-31 10:37:42','2022-05-31 10:37:42'),(58,'TECHSTUDIO SOLUTIONS PTE. LTD.','2022-05-31 10:37:42','2022-05-31 10:37:42'),(59,'THE SOFTWARE PRACTICE PTE. LTD.','2022-05-31 10:37:42','2022-05-31 10:37:42'),(60,'TOTAL EBIZ SOLUTIONS PTE. LTD.','2022-05-31 10:37:42','2022-05-31 10:37:42'),(61,'TRANSCENTECH PTE. LTD.','2022-05-31 10:37:42','2022-05-31 10:37:42'),(62,'UFINITY PTE LTD','2022-05-31 10:37:42','2022-05-31 10:37:42'),(63,'WPH DIGITAL PTE. LTD.','2022-05-31 10:37:42','2022-05-31 10:37:42'),(64,'WSH EXPERTS PTE. LTD.','2022-05-31 10:37:42','2022-05-31 10:37:42'),(65,'XTREMAX PTE. LTD.','2022-05-31 10:37:42','2022-05-31 10:37:42'),(66,'ZENCODE TECHNOLOGIES PTE. LTD.','2022-05-31 10:37:42','2022-05-31 10:37:42'),(67,'ZIONEXT PTE. LTD.','2022-05-31 10:37:42','2022-05-31 10:37:42'),(69,'ATTILA CYBERTECH PTE. LTD.','2022-05-31 10:46:43','2022-05-31 10:46:43'),(70,'KNIT TECHNOLOGIES PTE. LTD.','2022-05-31 10:46:43','2022-05-31 10:46:43'),(71,'PCS SECURITY PRIVATE LIMITED','2022-05-31 10:46:43','2022-05-31 10:46:43'),(72,'FPT ASIA PACIFIC PTE. LTD.','2022-05-31 10:52:40','2022-05-31 10:52:40'),(73,'APAR INNOSYS PTE. LTD.','2022-05-31 10:56:53','2022-05-31 10:56:53'),(74,'FUJIFILM BUSINESS INNOVATION SINGAPORE PTE. LTD.','2022-05-31 10:56:53','2022-05-31 10:56:53'),(75,'NETRUST PTE LTD','2022-05-31 10:56:53','2022-05-31 10:56:53'),(76,'TESSARACT TECHNOLOGIES PRIVATE LIMITED','2022-05-31 10:56:53','2022-05-31 10:56:53'),(77,'ACTIVANTS PTE LTD','2022-05-31 10:57:48','2022-05-31 10:57:48'),(108,'108 GROWTH PARTNER PTE LTD','2022-06-01 04:00:56','2022-06-01 04:00:56'),(109,'162 respondents (refer to tab for breakdown)','2022-06-01 04:00:56','2022-06-01 04:00:56'),(110,'361 DEGREE CONSULTANCY PTE. LTD','2022-06-01 04:00:56','2022-06-01 04:00:56'),(111,'ABEAM ANALYTICS PTE. LTD.','2022-06-01 04:00:56','2022-06-01 04:00:56'),(112,'ACCLIVIS TECHNOLOGIES AND SOLUTIONS PTE. LTD.','2022-06-01 04:00:56','2022-06-01 04:00:56'),(113,'ACCURACY PTE. LTD.','2022-06-01 04:00:56','2022-06-01 04:00:56'),(114,'ACP COMPUTER TRAINING SCHOOL PTE. LTD.','2022-06-01 04:00:56','2022-06-01 04:00:56'),(115,'ACTIVEO SINGAPORE PTE. LTD.','2022-06-01 04:00:56','2022-06-01 04:00:56'),(116,'ACTIVISTE PTE LTD','2022-06-01 04:00:56','2022-06-01 04:00:56'),(117,'ADAM KHOO LOVE FOR LEARNING COMPANY PTE LTD','2022-06-01 04:00:56','2022-06-01 04:00:56'),(118,'ADEMCO (FAR EAST) PTE LTD','2022-06-01 04:00:56','2022-06-01 04:00:56'),(119,'ADEPT ENTERPRISE SOLUTIONS PTE LTD','2022-06-01 04:00:56','2022-06-01 04:00:56'),(120,'ADNOVUM SINGAPORE PTE. LTD.','2022-06-01 04:00:56','2022-06-01 04:00:56'),(121,'AECOM SINGAPORE PTE LTD','2022-06-01 04:00:56','2022-06-01 04:00:56'),(122,'AFFLE INTERNATIONAL PTE LTD','2022-06-01 04:00:56','2022-06-01 04:00:56'),(123,'AIT TECHNOLOGIES PTE LTD','2022-06-01 04:00:56','2022-06-01 04:00:56'),(124,'ALIGHT SOLUTIONS PTE LIMITED','2022-06-01 04:00:56','2022-06-01 04:00:56'),(125,'ALPHA ZETTA PTE. LTD.','2022-06-01 04:00:56','2022-06-01 04:00:56'),(126,'ANACLE SYSTEMS LIMITED','2022-06-01 04:00:56','2022-06-01 04:00:56'),(127,'ARETHOS PTE. LTD.','2022-06-01 04:00:56','2022-06-01 04:00:56'),(128,'ARISTOU PTE LTD','2022-06-01 04:00:56','2022-06-01 04:00:56'),(129,'ARROWCREST TECHNOLOGIES PTE LTD','2022-06-01 04:00:56','2022-06-01 04:00:56'),(130,'ASIA MANAGEMENT SERVICES LLP','2022-06-01 04:00:56','2022-06-01 04:00:56'),(131,'ASIA MEDIA ACADEMY (PTE LTD)','2022-06-01 04:00:56','2022-06-01 04:00:56'),(132,'ASIAPAC TECHNOLOGY PTE. LTD.','2022-06-01 04:00:56','2022-06-01 04:00:56'),(133,'ASPIRE NXT PTE. LTD.','2022-06-01 04:00:56','2022-06-01 04:00:56'),(134,'ASTRATA GROUP PTE. LTD.','2022-06-01 04:00:56','2022-06-01 04:00:56'),(135,'ATD SOLUTION(S) PTE LTD','2022-06-01 04:04:07','2022-06-01 04:04:07'),(136,'ATELIER MODUS PTE LTD','2022-06-01 04:04:07','2022-06-01 04:04:07'),(137,'ATS ADVISORY SERVCIES','2022-06-01 04:04:07','2022-06-01 04:04:07'),(138,'ATT SYSTEMS (S\'PORE) PTE LTD','2022-06-01 04:04:07','2022-06-01 04:04:07'),(139,'ATTRIBUTE DATA PTE LTD','2022-06-01 04:04:07','2022-06-01 04:04:07'),(140,'AVEPOINT SINGAPORE PTE LTD','2022-06-01 04:04:07','2022-06-01 04:04:07'),(141,'AXRAIL PTE. LTD','2022-06-01 04:04:07','2022-06-01 04:04:07'),(142,'BAHWAN CYBERTEK PRIVATE LIMITED','2022-06-01 04:04:07','2022-06-01 04:04:07'),(143,'BAMBOO SYSTEM TECHNOLOGY PTE LTD','2022-06-01 04:04:07','2022-06-01 04:04:07'),(144,'BECA CATER HOLLINGS & FERNER (S.E.ASIA) PTE LTD','2022-06-01 04:04:07','2022-06-01 04:04:07'),(145,'Beijing PERCENT Technology Group Co., Ltd.','2022-06-01 04:04:07','2022-06-01 04:04:07'),(146,'BENCHMARK BROADCAST SYSTEMS (S) PTE LTD','2022-06-01 04:04:07','2022-06-01 04:04:07'),(147,'Beroe Holdings Inc.','2022-06-01 04:04:07','2022-06-01 04:04:07'),(148,'BEYONDSOFT INTERNATIONAL (SINGAPORE) PTE. LTD.','2022-06-01 04:04:07','2022-06-01 04:04:07'),(149,'BINOMIAL PTE LTD','2022-06-01 04:04:07','2022-06-01 04:04:07'),(150,'BLACKBOX RESEARCH PTE LTD','2022-06-01 04:04:07','2022-06-01 04:04:07'),(151,'BOARD OF INNOVATION APAC PTE LTD','2022-06-01 04:04:07','2022-06-01 04:04:07'),(152,'BRAINDGE SINGAPORE LTD','2022-06-01 04:04:07','2022-06-01 04:04:07'),(153,'BROADCAST COMMUNICATIONS INTERNATIONAL PTE LTD','2022-06-01 04:04:07','2022-06-01 04:04:07'),(154,'BROADCAST ENGINEERING SERVICES PTE LTD','2022-06-01 04:04:07','2022-06-01 04:04:07'),(155,'C & K MANAGEMENT LIMITED','2022-06-01 04:04:07','2022-06-01 04:04:07'),(156,'C&W SERVICES (S) PTE LTD','2022-06-01 04:04:07','2022-06-01 04:04:07'),(157,'CA M&E ENGINEERING PTE. LTD.','2022-06-01 04:04:07','2022-06-01 04:04:07'),(158,'Campus Management International Pvt Ltd','2022-06-01 04:04:07','2022-06-01 04:04:07'),(159,'CapGemini Singapore Pte Ltd','2022-06-01 04:04:07','2022-06-01 04:04:07'),(160,'Career Engagement Group Limited','2022-06-01 04:04:07','2022-06-01 04:04:07'),(161,'CARTRACK TECHNOLOGIES SOUTH EAST ASIA PTE. LTD.','2022-06-01 04:07:05','2022-06-01 04:07:05'),(162,'CENTRICORE (S) PTE LTD','2022-06-01 04:07:05','2022-06-01 04:07:05'),(163,'CERTIS CISCO SECURE LOGISTICS PTE. LTD.','2022-06-01 04:07:05','2022-06-01 04:07:05'),(164,'CHEMISTRY TEAM PTE LTD','2022-06-01 04:07:05','2022-06-01 04:07:05'),(165,'CIVICA PTE LTD','2022-06-01 04:07:05','2022-06-01 04:07:05'),(166,'CLOUD MILE PTE. LTD.','2022-06-01 04:07:05','2022-06-01 04:07:05'),(167,'COFORGE PTE. LTD.','2022-06-01 04:07:05','2022-06-01 04:07:05'),(168,'COMBUILDER FMIT PTE. LTD.','2022-06-01 04:07:05','2022-06-01 04:07:05'),(169,'COMMUNICATION ONE TRADER','2022-06-01 04:07:05','2022-06-01 04:07:05'),(170,'COMWERKS PTE LTD','2022-06-01 04:07:05','2022-06-01 04:07:05'),(171,'CONCORDE SECURITY PTE LTD','2022-06-01 04:07:05','2022-06-01 04:07:05'),(172,'CPM CONSULTING PTE LTD','2022-06-01 04:07:05','2022-06-01 04:07:05'),(173,'CRAYON PTE. LTD.','2022-06-01 04:07:05','2022-06-01 04:07:05'),(174,'CREATIVESATWORK PTE. LTD.','2022-06-01 04:07:05','2022-06-01 04:07:05'),(175,'CREST INFOSOLUTIONS PTE. LTD.','2022-06-01 04:07:05','2022-06-01 04:07:05'),(176,'Crimsonlogic Pte Ltd','2022-06-01 04:07:05','2022-06-01 04:07:05'),(177,'CUSTOMER CAPITAL CONSULTING PTE. LTD.','2022-06-01 04:07:05','2022-06-01 04:07:05'),(178,'DECISION SCIENCE AGENCY PTE LTD','2022-06-01 04:07:05','2022-06-01 04:07:05'),(179,'DELOITTE & TOUCHE ENTERPRISE RISK SERVICES PTE. LTD.','2022-06-01 04:07:05','2022-06-01 04:07:05'),(180,'DELOITTE & TOUCHE FINANCIAL ADVISORY SERVICES PTE. LTD.','2022-06-01 04:07:05','2022-06-01 04:07:05'),(181,'Delteq Pte Ltd','2022-06-01 04:07:05','2022-06-01 04:07:05'),(182,'DHL SUPPLY CHAIN SINGAPORE PTE LTD','2022-06-01 04:07:05','2022-06-01 04:07:05'),(183,'DIA BRAND CONSULTANTS PTE LTD','2022-06-01 04:07:05','2022-06-01 04:07:05'),(184,'DIGITAL BOOMERANG ','2022-06-01 04:07:05','2022-06-01 04:07:05'),(185,'DISTRICON ASIA PTE LTD','2022-06-01 04:07:05','2022-06-01 04:07:05'),(186,'DNV SINGAPORE PTE LTD','2022-06-01 04:07:05','2022-06-01 04:07:05'),(187,'DREAMCLOUD PTE LTD','2022-06-01 04:07:05','2022-06-01 04:07:05'),(188,'DREWRY MARITIME SERVICES (ASIA) PTE LTD','2022-06-01 04:07:05','2022-06-01 04:07:05'),(189,'DXC TECHNOLOGY SERVICES SINGAPORE PTE. LTD.','2022-06-01 04:07:05','2022-06-01 04:07:05'),(190,'ECLOUDVALLEY TECHNOLOGY PTE. LTD.','2022-06-01 04:07:05','2022-06-01 04:07:05'),(191,'ECONOMIC DEVELOPMENT INNOVATIONS SINGAPORE PTE. LTD.','2022-06-01 04:07:05','2022-06-01 04:07:05'),(192,'EDEN STRATEGY INSTITUTE LLP','2022-06-01 04:07:05','2022-06-01 04:07:05'),(193,'EDREI AGILITY SOLUTIONS (PTE LTD)','2022-06-01 04:07:05','2022-06-01 04:07:05'),(194,'EMBRIO ENTERPRISES PTE. LTD.','2022-06-01 04:07:05','2022-06-01 04:07:05'),(195,'ENCORA TECHNOLOGIES PTE. LTD.','2022-06-01 04:07:05','2022-06-01 04:07:05'),(196,'ENSIGN INFOSECURITY (SMARTTECH) PTE. LTD.','2022-06-01 04:07:05','2022-06-01 04:07:05'),(197,'ENVIRONMENTAL RESOURCES MANAGEMENT (S) PTE LTD','2022-06-01 04:07:05','2022-06-01 04:07:05'),(198,'ENVIROSOLUTIONS & CONSULTING PTE LTD','2022-06-01 04:07:05','2022-06-01 04:07:05'),(199,'ENVISION DIGITAL INTERNATIONAL PTE. LTD.','2022-06-01 04:07:05','2022-06-01 04:07:05'),(200,'ERNST & YOUNG ADVISORY PTE. LTD.','2022-06-01 04:07:05','2022-06-01 04:07:05'),(201,'ERNST & YOUNG LLP','2022-06-01 04:10:06','2022-06-01 04:10:06'),(202,'ESPIRE INFOLABS (SINGAPORE) PTE Ltd','2022-06-01 04:10:06','2022-06-01 04:10:06'),(203,'ESRI SINGAPORE PTE. LTD.','2022-06-01 04:10:06','2022-06-01 04:10:06'),(204,'Eunomia Research and Consulting ','2022-06-01 04:10:06','2022-06-01 04:10:06'),(205,'EVANTEK PTE LTD','2022-06-01 04:10:06','2022-06-01 04:10:06'),(206,'EVOLUTIONARY SYSTEMS (SINGAPORE) PTE LTD','2022-06-01 04:10:06','2022-06-01 04:10:06'),(207,'EVVO LABS PTE LTD','2022-06-01 04:10:06','2022-06-01 04:10:06'),(208,'EXPERTISE TECHNOLOGIES PTE LTD','2022-06-01 04:10:06','2022-06-01 04:10:06'),(209,'EY CORPORATE ADVISORS PTE.LTD','2022-06-01 04:10:06','2022-06-01 04:10:06'),(210,'FACILITATORS NETWORK SINGAPORE PTE LTD','2022-06-01 04:10:06','2022-06-01 04:10:06'),(211,'Fahimah Binte Mohd Ali','2022-06-01 04:10:06','2022-06-01 04:10:06'),(212,'FLEX-SOLVER PTE. LTD.','2022-06-01 04:10:06','2022-06-01 04:10:06'),(213,'FM ONE INTERNATIONAL PTE LTD','2022-06-01 04:10:06','2022-06-01 04:10:06'),(214,'FOCUS COMPUTER (S) PTE LTD','2022-06-01 04:10:06','2022-06-01 04:10:06'),(215,'FORRESTER RESEARCH LIMITED','2022-06-01 04:10:06','2022-06-01 04:10:06'),(216,'FROST & SULLIVAN (SINGAPORE) PTE LTD','2022-06-01 04:10:06','2022-06-01 04:10:06'),(217,'FSG TG HUMAN RESOURCE SERVICES PTE. LTD.','2022-06-01 04:10:06','2022-06-01 04:10:06'),(218,'FTI CONSULTING (SINGAPORE) PTE. LTD.','2022-06-01 04:10:06','2022-06-01 04:10:06'),(219,'Fujitsu Asia Pte Ltd','2022-06-01 04:10:06','2022-06-01 04:10:06'),(220,'FUSIONEX PTE. LTD.','2022-06-01 04:10:06','2022-06-01 04:10:06'),(221,'FUTURE-MOVES GROUP PTE LTD','2022-06-01 04:10:06','2022-06-01 04:10:06'),(222,'GARTNER ADVISORY (SINGAPORE) PTE LTD','2022-06-01 04:10:06','2022-06-01 04:10:06'),(223,'GENASHTIM INNOVATIVE LEARNING PTE. LTD.','2022-06-01 04:10:06','2022-06-01 04:10:06'),(224,'Gloat Ltd','2022-06-01 04:10:06','2022-06-01 04:10:06'),(225,'GLOBAL RE PTE LTD','2022-06-01 04:10:06','2022-06-01 04:10:06'),(226,'GOLDER ASSOCIATES (SINGAPORE) PTE LTD','2022-06-01 04:10:06','2022-06-01 04:10:06'),(227,'GREENWICH MANAGEMENT CONSULTANCY PTE. LTD.','2022-06-01 04:10:06','2022-06-01 04:10:06'),(228,'GRID_SYNERGY PTE. LTD.','2022-06-01 04:10:06','2022-06-01 04:10:06'),(229,'GSA PRIVATE LIMITED','2022-06-01 04:10:06','2022-06-01 04:10:06'),(230,'GUTHRIE ENGINEERING (S) PTE LTD','2022-06-01 04:10:06','2022-06-01 04:10:06'),(231,'GUTHRIE ENGINEERING PTE LTD','2022-06-01 04:10:06','2022-06-01 04:10:06'),(232,'HackerOne, Inc','2022-06-01 04:10:06','2022-06-01 04:10:06'),(233,'HCL SINGAPORE PTE. LTD. ','2022-06-01 04:10:06','2022-06-01 04:10:06'),(234,'HE INTERNATIONAL PTE LTD','2022-06-01 04:10:06','2022-06-01 04:10:06'),(235,'HEXAWARE TECHNOLOGIES ASIA PACIFIC PTE LTD','2022-06-01 04:10:06','2022-06-01 04:10:06'),(236,'HIEND SOFTWARE PTE LTD','2022-06-01 04:10:06','2022-06-01 04:10:06'),(237,'HITACHI ASIA LTD.','2022-06-01 04:10:06','2022-06-01 04:10:06'),(238,'HITACHI SYSTEMS NETWORK TECHNOLOGIES PTE. LTD.','2022-06-01 04:10:06','2022-06-01 04:10:06'),(239,'HKBN JOS (SINGAPORE) PTE. LTD.','2022-06-01 04:10:06','2022-06-01 04:10:06'),(240,'IBM SINGAPORE PTE LTD','2022-06-01 04:10:06','2022-06-01 04:10:06'),(241,'ICONSULT SINGAPORE PTE LTD','2022-06-01 04:10:06','2022-06-01 04:10:06'),(242,'IDEE INFOCOM PTE. LTD.','2022-06-01 04:10:06','2022-06-01 04:10:06'),(243,'IDLINK SYSTEMS PTE. LTD.','2022-06-01 04:10:06','2022-06-01 04:10:06'),(244,'I-MAGINATION SOLUTION PTE. LTD.','2022-06-01 04:10:06','2022-06-01 04:10:06'),(245,'IMRB MILLWARD BROWN INTERNATIONAL PTE LTD','2022-06-01 04:10:06','2022-06-01 04:10:06'),(246,'IN THE WILD PTE LTD','2022-06-01 04:10:06','2022-06-01 04:10:06'),(247,'INFOCEPTS PTE. LTD.','2022-06-01 04:10:06','2022-06-01 04:10:06'),(248,'INFOFABRICA PTE. LTD.','2022-06-01 04:10:06','2022-06-01 04:10:06'),(249,'INFOSYS LIMITED SINGAPORE BRANCH','2022-06-01 04:10:06','2022-06-01 04:10:06'),(250,'INSIDER SECURITY PTE. LTD.','2022-06-01 04:10:06','2022-06-01 04:10:06'),(251,'INTEGRAPH PROCESS, POWER AND OFFSHORE PTE LTD','2022-06-01 04:13:13','2022-06-01 04:13:13'),(252,'INTEGRATED DECISION SYSTEMS CONSULTANCY PTE LTD','2022-06-01 04:13:13','2022-06-01 04:13:13'),(253,'INTERNATIONAL DATA CORPORATION ASIA/PACIFIC PTE LTD','2022-06-01 04:13:13','2022-06-01 04:13:13'),(254,'IO-CONSULTANTS PTE. LTD.','2022-06-01 04:13:13','2022-06-01 04:13:13'),(255,'IOPTIMUM SOLUTIONS (SINGAPORE) PTE','2022-06-01 04:13:13','2022-06-01 04:13:13'),(256,'IPSOS PTE LTD','2022-06-01 04:13:13','2022-06-01 04:13:13'),(257,'IZEEM TECH ASIA PTE. LTD.','2022-06-01 04:13:13','2022-06-01 04:13:13'),(258,'J|S BROD PRIVATE LIMITED','2022-06-01 04:13:13','2022-06-01 04:13:13'),(259,'JASON LEOW DESIGNS','2022-06-01 04:13:13','2022-06-01 04:13:13'),(260,'JN ENGINEERING (PRIVATE) LIMITED','2022-06-01 04:13:13','2022-06-01 04:13:13'),(261,'KEWMANN PTE. LTD.','2022-06-01 04:13:13','2022-06-01 04:13:13'),(262,'KON FERRY (SG) PTE LTD','2022-06-01 04:13:13','2022-06-01 04:13:13'),(264,'LEARNERS HUB PTE LTD','2022-06-01 04:13:13','2022-06-01 04:13:13'),(265,'Limited Request for Quotation','2022-06-01 04:13:13','2022-06-01 04:13:13'),(266,'Limited Tender','2022-06-01 04:13:13','2022-06-01 04:13:13'),(267,'Limited Tender - Only awarded supplier can be viewed','2022-06-01 04:13:13','2022-06-01 04:13:13'),(268,'LIT STRATEGY PTE LTD','2022-06-01 04:13:13','2022-06-01 04:13:13'),(269,'LOGICALIS SINGAPORE PTE. LTD.','2022-06-01 04:13:13','2022-06-01 04:13:13'),(270,'MACIE COOPER INTEGRATED SYSTEMS PTE LTD','2022-06-01 04:13:13','2022-06-01 04:13:13'),(271,'MALTEM ASIA PTE LTD','2022-06-01 04:13:13','2022-06-01 04:13:13'),(272,'MARSH (SINGAPORE) PTE. LTD.','2022-06-01 04:13:13','2022-06-01 04:13:13'),(273,'MERCER (SINGAPORE) PTE LTD','2022-06-01 04:13:13','2022-06-01 04:13:13'),(274,'MINDCRAFT SINGAPORE PTE LTD','2022-06-01 04:13:13','2022-06-01 04:13:13'),(275,'MOJOSOFT PTE LTD','2022-06-01 04:13:13','2022-06-01 04:13:13'),(276,'MOTT MACDONALD SINGAPORE PTE LIMITED','2022-06-01 04:13:13','2022-06-01 04:13:13'),(277,'NAPIER HEALTHCARE SOLUTIONS PTE LTD','2022-06-01 04:13:13','2022-06-01 04:13:13'),(278,'NATIONAL UNIVERSITY OF SINGAPORE','2022-06-01 04:13:13','2022-06-01 04:13:13'),(279,'NESTOR CONSULTING PTE. LTD.','2022-06-01 04:13:13','2022-06-01 04:13:13'),(280,'NETE2 ASIA PTE LTD','2022-06-01 04:13:13','2022-06-01 04:13:13'),(281,'NEWS SEARCH (SINGAPORE) PTE. LTD.','2022-06-01 04:13:13','2022-06-01 04:13:13'),(282,'NEXUS QUEST PTE. LTD.','2022-06-01 04:13:13','2022-06-01 04:13:13'),(283,'NITYO 3P SOLUTIONS PTE. LTD.','2022-06-01 04:13:13','2022-06-01 04:13:13'),(284,'NITYO INFOTECH SERVICES PTE. LTD.','2022-06-01 04:13:13','2022-06-01 04:13:13'),(285,'NOBLEPROG SINGAPORE PTE LTD','2022-06-01 04:13:13','2022-06-01 04:13:13'),(286,'NOMURA RESEARCH INSTITUTE SINGAPORE PTE LTD','2022-06-01 04:13:13','2022-06-01 04:13:13'),(287,'NTT DATA BUSINESS SOLUTIONS SINGAPORE PTE. LTD.','2022-06-01 04:13:13','2022-06-01 04:13:13'),(288,'NTT DATA SINGAPORE PTE. LTD.','2022-06-01 04:13:13','2022-06-01 04:13:13'),(289,'NTT SINGAPORE SOLUTIONS PTE LTD','2022-06-01 04:13:13','2022-06-01 04:13:13'),(290,'OAK CONSULTING PTE. LTD.','2022-06-01 04:13:13','2022-06-01 04:13:13'),(291,'O\'CONNOR\'S SINGAPORE PTE LTD','2022-06-01 04:13:13','2022-06-01 04:13:13'),(292,'ODE CONSULTING PTE. LTD.','2022-06-01 04:13:13','2022-06-01 04:13:13'),(293,'OMNIWAY SOLUTIONS PTE. LTD.','2022-06-01 04:13:13','2022-06-01 04:13:13'),(294,'ONE IXCHANGE LLP','2022-06-01 04:13:13','2022-06-01 04:13:13'),(295,'ORGANISATION RESILIENCE MANAGEMENT PTE. LTD.','2022-06-01 04:13:13','2022-06-01 04:13:13'),(296,'PALO IT SINGAPORE PTE. LTD.','2022-06-01 04:13:13','2022-06-01 04:13:13'),(297,'PCCW SOLUTIONS INSYS PTE. LTD.','2022-06-01 04:13:13','2022-06-01 04:13:13'),(298,'PCCW SOLUTIONS SINGAPORE PTE. LTD.','2022-06-01 04:13:13','2022-06-01 04:13:13'),(299,'Power Slutions Dtd Pty Ltd','2022-06-01 04:13:13','2022-06-01 04:13:13'),(300,'PRIMUSTECH PTE. LTD.','2022-06-01 04:13:13','2022-06-01 04:13:13'),(301,'PROSEGUR SINGAPORE PTE. LTD.','2022-06-01 04:13:13','2022-06-01 04:13:13'),(302,'QTECH QUEUEING SYSTEM PTE LTD','2022-06-01 04:13:13','2022-06-01 04:13:13'),(303,'RADIX BERRIE PTE LTD','2022-06-01 04:13:13','2022-06-01 04:13:13'),(304,'RAMBOLL ENVIRON SINGAPORE PTE LTD','2022-06-01 04:13:13','2022-06-01 04:13:13'),(305,'RapidData Technologies Solutions LLC','2022-06-01 04:13:13','2022-06-01 04:13:13'),(306,'RAPTECH PTE LTD ','2022-06-01 04:13:13','2022-06-01 04:13:13'),(307,'REACH TRADING COMPANY','2022-06-01 04:13:13','2022-06-01 04:13:13'),(308,'REL SYSTEMS PTE LTD','2022-06-01 04:15:21','2022-06-01 04:15:21'),(309,'REMEGO PTE. LTD.','2022-06-01 04:15:21','2022-06-01 04:15:21'),(310,'Reverse Logistics GmbH','2022-06-01 04:15:21','2022-06-01 04:15:21'),(311,'REVEZ MOTION PTE. LTD.','2022-06-01 04:15:21','2022-06-01 04:15:21'),(312,'RFNET TECHNOLOGIES PTE LTD','2022-06-01 04:15:21','2022-06-01 04:15:21'),(313,'RHINDON PTE LTD','2022-06-01 04:15:21','2022-06-01 04:15:21'),(314,'RMA CONTRACTS PTE. LTD.','2022-06-01 04:15:21','2022-06-01 04:15:21'),(315,'ROLAND BERGER PTE LTD','2022-06-01 04:15:21','2022-06-01 04:15:21'),(316,'SAKSOFT PTE LIMITED','2022-06-01 04:15:21','2022-06-01 04:15:21'),(317,'SCANOMI CONSULTANCY PTE LTD','2022-06-01 04:15:21','2022-06-01 04:15:21'),(318,'SEDGWICK RICHARDSON (SEA) PTE LIMITED','2022-06-01 04:15:21','2022-06-01 04:15:21'),(319,'SIA PARTNERS SINGAPORE PTE. LTD.','2022-06-01 04:15:21','2022-06-01 04:15:21'),(320,'SIMULATION SOFTWARE & TECHNOLOGY (S2T) PTE LTD','2022-06-01 04:15:21','2022-06-01 04:15:21'),(321,'SINGAPORE COMMUNICATIONS CO PTE LTD','2022-06-01 04:15:21','2022-06-01 04:15:21'),(322,'SMART-WARES PTE LTD','2022-06-01 04:15:21','2022-06-01 04:15:21'),(323,'SOLARIS STRATEGIES SINGAPORE PTE LTD','2022-06-01 04:15:21','2022-06-01 04:15:21'),(324,'SOLO PTE. LTD.','2022-06-01 04:15:21','2022-06-01 04:15:21'),(325,'SOPRA STERIA ASIA PTE LTD','2022-06-01 04:15:21','2022-06-01 04:15:21'),(326,'SOVERUS KINGDOM SYSTEMS PTE. LTD.','2022-06-01 04:15:21','2022-06-01 04:15:21'),(327,'SQLNET PTE LTD','2022-06-01 04:15:21','2022-06-01 04:15:21'),(328,'SSA ACADEMY PTE. LTD.','2022-06-01 04:15:21','2022-06-01 04:15:21'),(329,'ST ENGINEERING ADVANCED NETWORKS & SENSORS PTE. LTD.','2022-06-01 04:15:21','2022-06-01 04:15:21'),(330,'ST ENGINEERING ELECTRONICS PTE LTD','2022-06-01 04:15:21','2022-06-01 04:15:21'),(331,'ST ENGINEERING E-SERVICES PTE. LTD.','2022-06-01 04:15:21','2022-06-01 04:15:21'),(332,'ST ENGINEERING MISSION SOFTWARE & SERVICES PTE. LTD.','2022-06-01 04:15:21','2022-06-01 04:15:21'),(333,'STARTUPX PTE LTD','2022-06-01 04:15:21','2022-06-01 04:15:21'),(334,'STONE FOREST IT PTE LTD','2022-06-01 04:15:21','2022-06-01 04:15:21'),(335,'STRATAGILE PTE LTD','2022-06-01 04:15:21','2022-06-01 04:15:21'),(336,'STUDYCLE PTE. LTD.','2022-06-01 04:15:21','2022-06-01 04:15:21'),(337,'Synack, Inc.','2022-06-01 04:15:21','2022-06-01 04:15:21'),(338,'SYSTECH ANALYTICS PTE. LTD.','2022-06-01 04:15:21','2022-06-01 04:15:21'),(339,'TECH MAHINDRA LIMITED (SINGAPORE BRANCH)','2022-06-01 04:15:21','2022-06-01 04:15:21'),(340,'TECH TREE PTE. LTD.','2022-06-01 04:15:21','2022-06-01 04:15:21'),(341,'Techolution LLC','2022-06-01 04:15:21','2022-06-01 04:15:21'),(342,'TEJASCO TECHSOFT PTE LTD','2022-06-01 04:15:21','2022-06-01 04:15:21'),(343,'TERRA SYSTEMS PTE. LTD.','2022-06-01 04:15:21','2022-06-01 04:15:21'),(344,'THINKPLACE SINGAOPRE PTE LTD','2022-06-01 04:15:21','2022-06-01 04:15:21'),(345,'THIRD SIGHT PTE. LTD.','2022-06-01 04:15:21','2022-06-01 04:15:21'),(346,'TINDO PTE. LTD.','2022-06-01 04:15:21','2022-06-01 04:15:21'),(347,'TOPPAN ECQUARIA PTE. LTD.','2022-06-01 04:15:21','2022-06-01 04:15:21'),(348,'Tribal Group Pty Limited','2022-06-01 04:15:21','2022-06-01 04:15:21'),(349,'TRIBAL WORLDWIDE PTE LTD','2022-06-01 04:15:21','2022-06-01 04:15:21'),(350,'TRIMINDTECH SOLUTIONS PTE. LTD.','2022-06-01 04:15:21','2022-06-01 04:15:21'),(351,'TRUESCOPE (SINGAPORE) PTE. LTD.','2022-06-01 04:17:38','2022-06-01 04:17:38'),(352,'TRUST MANAGEMENT CENTRE','2022-06-01 04:17:38','2022-06-01 04:17:38'),(353,'TUV SUD PSB PTE. LTD.','2022-06-01 04:17:38','2022-06-01 04:17:38'),(354,'U3 INFOTECH PTE. LTD.','2022-06-01 04:17:38','2022-06-01 04:17:38'),(355,'UNIFORM PTE. LTD.','2022-06-01 04:17:38','2022-06-01 04:17:38'),(356,'UNSCRAMBL SINGAPORE PTE LTD','2022-06-01 04:17:38','2022-06-01 04:17:38'),(357,'UPSIDE LEARNING SOLUTIONS PTE. LTD.','2022-06-01 04:17:38','2022-06-01 04:17:38'),(358,'USER EXPERIENCE RESEARCHERS PTE. LTD.','2022-06-01 04:17:38','2022-06-01 04:17:38'),(359,'VE CAPITAL ASIA PTE LTD','2022-06-01 04:17:38','2022-06-01 04:17:38'),(360,'VEEV DIGITAL WORKS PTE. LTD.','2022-06-01 04:17:38','2022-06-01 04:17:38'),(361,'VERTICURL PTE LTD','2022-06-01 04:17:38','2022-06-01 04:17:38'),(362,'VERZTEC CONSULTING PTE. LTD.','2022-06-01 04:17:38','2022-06-01 04:17:38'),(363,'VISEO SAS','2022-06-01 04:17:38','2022-06-01 04:17:38'),(364,'VVOLVE MANAGEMENT CONSULTANTS PTE. LTD.','2022-06-01 04:17:38','2022-06-01 04:17:38'),(365,'WEB SYNERGIES (S) PTE LTD','2022-06-01 04:17:38','2022-06-01 04:17:38'),(366,'WEBSPARKS PTE LTD','2022-06-01 04:17:38','2022-06-01 04:17:38'),(367,'WILD ADVERTISING & MARKETING PTE. LTD.','2022-06-01 04:17:38','2022-06-01 04:17:38'),(368,'WILDTYPE MEDIA GROUP PTE LTD','2022-06-01 04:17:38','2022-06-01 04:17:38'),(369,'WILLIS TOWERS WATSON CONSULTING (SINGAPORE) PTE LTD','2022-06-01 04:17:38','2022-06-01 04:17:38'),(370,'WILLOWGLEN SERVICES PTE LTD','2022-06-01 04:17:38','2022-06-01 04:17:38'),(371,'WINSYS TECHNOLOGY PTE LTD','2022-06-01 04:17:38','2022-06-01 04:17:38'),(372,'WIPRO NETWORKS PTE. LIMITED','2022-06-01 04:17:38','2022-06-01 04:17:38'),(373,'WIZLEARN TECHNOLOGIES PTE. LTD.','2022-06-01 04:17:38','2022-06-01 04:17:38'),(374,'WIZVISION PTE. LTD.','2022-06-01 04:17:38','2022-06-01 04:17:38'),(375,'X-TRA COMMUNICATION PTE. LTD.','2022-06-01 04:17:38','2022-06-01 04:17:38'),(376,'XYPHER PTE. LTD.','2022-06-01 04:17:38','2022-06-01 04:17:38'),(377,'ZOOM TECH PTE. LTD.','2022-06-01 04:17:38','2022-06-01 04:17:38'),(378,'ZWAAN PTE LTD','2022-06-01 04:17:38','2022-06-01 04:17:38'),(379,'THOUGHTWORKS PTE LTD','2022-06-01 05:43:42','2022-06-01 05:43:42'),(380,'No tender info, only award info','2022-06-01 16:40:48','2022-06-01 16:40:48'),(381,'SIIX SINGAPORE PTE LTD','2022-06-01 16:44:32','2022-06-01 16:44:32'),(382,'Appian Software International LLC','2022-06-01 16:46:06','2022-06-01 16:46:06'),(383,'ABC PTE. LTD.','2022-06-13 14:10:33','2022-06-13 14:10:33'),(384,'CRAY PTE. LTD','2022-06-13 14:10:33','2022-06-13 14:10:33');
/*!40000 ALTER TABLE `respondents` ENABLE KEYS */;
UNLOCK TABLES;

--
-- Table structure for table `statuses`
--

DROP TABLE IF EXISTS `statuses`;
/*!40101 SET @saved_cs_client     = @@character_set_client */;
/*!50503 SET character_set_client = utf8mb4 */;
CREATE TABLE `statuses` (
  `status_id` int NOT NULL,
  `status_name` varchar(45) NOT NULL,
  `created_at` timestamp NOT NULL DEFAULT CURRENT_TIMESTAMP,
  `updated_at` timestamp NOT NULL DEFAULT CURRENT_TIMESTAMP,
  PRIMARY KEY (`status_id`),
  UNIQUE KEY `status_id_UNIQUE` (`status_id`),
  UNIQUE KEY `status_UNIQUE` (`status_name`)
) ENGINE=InnoDB DEFAULT CHARSET=utf8mb4 COLLATE=utf8mb4_0900_ai_ci;
/*!40101 SET character_set_client = @saved_cs_client */;

--
-- Dumping data for table `statuses`
--

LOCK TABLES `statuses` WRITE;
/*!40000 ALTER TABLE `statuses` DISABLE KEYS */;
INSERT INTO `statuses` VALUES (1,'Active','2022-05-18 11:52:01','2022-05-18 11:52:01'),(2,'Inactive','2022-05-18 11:52:01','2022-05-18 11:52:01'),(3,'Deleted','2022-05-18 11:52:01','2022-05-18 11:52:01');
/*!40000 ALTER TABLE `statuses` ENABLE KEYS */;
UNLOCK TABLES;

--
-- Table structure for table `supply_heads`
--

DROP TABLE IF EXISTS `supply_heads`;
/*!40101 SET @saved_cs_client     = @@character_set_client */;
/*!50503 SET character_set_client = utf8mb4 */;
CREATE TABLE `supply_heads` (
  `supply_head_id` int NOT NULL AUTO_INCREMENT,
  `supply_head_name` varchar(225) NOT NULL,
  `supply_description` varchar(225) NOT NULL,
  `created_at` timestamp NOT NULL DEFAULT CURRENT_TIMESTAMP,
  `updated_at` timestamp NOT NULL DEFAULT CURRENT_TIMESTAMP,
  PRIMARY KEY (`supply_head_id`),
  UNIQUE KEY `supply_head_id_UNIQUE` (`supply_head_id`),
  UNIQUE KEY `supply_head_name_UNIQUE` (`supply_head_name`)
) ENGINE=InnoDB AUTO_INCREMENT=17 DEFAULT CHARSET=utf8mb4 COLLATE=utf8mb4_0900_ai_ci;
/*!40101 SET character_set_client = @saved_cs_client */;

--
-- Dumping data for table `supply_heads`
--

LOCK TABLES `supply_heads` WRITE;
/*!40000 ALTER TABLE `supply_heads` DISABLE KEYS */;
INSERT INTO `supply_heads` VALUES (1,'NA','NA','2022-05-18 12:13:53','2022-05-18 12:13:53'),(2,'EPU/CMP/10','Computer Hardware  and software   Products, Software Development and  Maintenance of  System, Equipment &  Computers  ','2022-05-18 12:13:53','2022-05-18 12:13:53'),(3,'EPU/SER/18','Advertising, Graphics  Services ','2022-05-18 12:13:53','2022-05-18 12:13:53'),(4,'EPU/SER/34','Consultancy Services','2022-05-18 12:13:53','2022-05-18 12:13:53'),(10,'EPU/SER/17','Service (Exhibition/Event Management)','2022-06-01 02:56:45','2022-06-01 02:56:45'),(11,'EPU/SER/32','Service (Public Relations, Counselling)','2022-06-01 02:56:45','2022-06-01 02:56:45'),(12,'EPU/SER/19','Service (Data Entry, Supply of Manpower)','2022-06-01 02:56:45','2022-06-01 02:56:45'),(13,'EPU/SER/33','Service (Survey)','2022-06-01 02:56:45','2022-06-01 02:56:45'),(14,'ME04','Communication & Security Systems','2022-06-01 02:56:45','2022-06-01 02:56:45'),(15,'EPU/SER/35','Service (Training of Personnel)','2022-06-01 15:52:28','2022-06-01 15:52:28'),(16,'EPU/SCD/10','Scrap Dealers','2022-06-13 12:42:15','2022-06-13 12:42:15');
/*!40000 ALTER TABLE `supply_heads` ENABLE KEYS */;
UNLOCK TABLES;

--
-- Table structure for table `tender_types`
--

DROP TABLE IF EXISTS `tender_types`;
/*!40101 SET @saved_cs_client     = @@character_set_client */;
/*!50503 SET character_set_client = utf8mb4 */;
CREATE TABLE `tender_types` (
  `tender_type_id` int NOT NULL AUTO_INCREMENT,
  `tender_type_name` varchar(225) NOT NULL,
  `created_at` timestamp NOT NULL DEFAULT CURRENT_TIMESTAMP,
  `updated_at` timestamp NOT NULL DEFAULT CURRENT_TIMESTAMP,
  PRIMARY KEY (`tender_type_id`),
  UNIQUE KEY `tender_type_id_UNIQUE` (`tender_type_id`),
  UNIQUE KEY `tender_type_UNIQUE` (`tender_type_name`)
) ENGINE=InnoDB DEFAULT CHARSET=utf8mb4 COLLATE=utf8mb4_0900_ai_ci;
/*!40101 SET character_set_client = @saved_cs_client */;

--
-- Dumping data for table `tender_types`
--

LOCK TABLES `tender_types` WRITE;
/*!40000 ALTER TABLE `tender_types` DISABLE KEYS */;
INSERT INTO `tender_types` VALUES (1,'NA','2022-05-18 12:09:50','2022-05-18 12:09:50'),(2,'Expenditure','2022-05-18 12:09:50','2022-05-18 12:09:50'),(3,'Revenue','2022-06-13 11:54:12','2022-06-13 11:54:12');
/*!40000 ALTER TABLE `tender_types` ENABLE KEYS */;
UNLOCK TABLES;

--
-- Table structure for table `uploads`
--

DROP TABLE IF EXISTS `uploads`;
/*!40101 SET @saved_cs_client     = @@character_set_client */;
/*!50503 SET character_set_client = utf8mb4 */;
CREATE TABLE `uploads` (
  `upload_id` int NOT NULL AUTO_INCREMENT,
  `file_name` varchar(255) NOT NULL,
  `upload_type` int NOT NULL,
  `created_at` timestamp NOT NULL DEFAULT CURRENT_TIMESTAMP,
  PRIMARY KEY (`upload_id`),
  UNIQUE KEY `upload_id_UNIQUE` (`upload_id`)
) ENGINE=InnoDB DEFAULT CHARSET=utf8mb4 COLLATE=utf8mb4_0900_ai_ci;
/*!40101 SET character_set_client = @saved_cs_client */;

--
-- Dumping data for table `uploads`
--

LOCK TABLES `uploads` WRITE;
/*!40000 ALTER TABLE `uploads` DISABLE KEYS */;
/*!40000 ALTER TABLE `uploads` ENABLE KEYS */;
UNLOCK TABLES;

--
-- Table structure for table `users`
--

DROP TABLE IF EXISTS `users`;
/*!40101 SET @saved_cs_client     = @@character_set_client */;
/*!50503 SET character_set_client = utf8mb4 */;
CREATE TABLE `users` (
  `userid` int NOT NULL AUTO_INCREMENT,
  `user_guid` varchar(225) NOT NULL,
  `email` varchar(225) NOT NULL,
  `contact_number` varchar(225) NOT NULL,
  `first_name` varchar(225) NOT NULL,
  `last_name` varchar(225) NOT NULL,
  `created_at` timestamp NOT NULL DEFAULT CURRENT_TIMESTAMP,
  `PRIVILEGE` int NOT NULL,
  PRIMARY KEY (`userid`),
  UNIQUE KEY `userid_UNIQUE` (`userid`),
  UNIQUE KEY `user_guid_UNIQUE` (`user_guid`),
  UNIQUE KEY `email_UNIQUE` (`email`),
  UNIQUE KEY `contact_number_UNIQUE` (`contact_number`),
  KEY `fk_privilege_idx` (`PRIVILEGE`),
  CONSTRAINT `fk_privilege` FOREIGN KEY (`PRIVILEGE`) REFERENCES `privileges` (`privilege_id`)
) ENGINE=InnoDB DEFAULT CHARSET=utf8mb4 COLLATE=utf8mb4_0900_ai_ci;
/*!40101 SET character_set_client = @saved_cs_client */;

--
-- Dumping data for table `users`
--

LOCK TABLES `users` WRITE;
/*!40000 ALTER TABLE `users` DISABLE KEYS */;
/*!40000 ALTER TABLE `users` ENABLE KEYS */;
UNLOCK TABLES;
/*!40103 SET TIME_ZONE=@OLD_TIME_ZONE */;

/*!40101 SET SQL_MODE=@OLD_SQL_MODE */;
/*!40014 SET FOREIGN_KEY_CHECKS=@OLD_FOREIGN_KEY_CHECKS */;
/*!40014 SET UNIQUE_CHECKS=@OLD_UNIQUE_CHECKS */;
/*!40101 SET CHARACTER_SET_CLIENT=@OLD_CHARACTER_SET_CLIENT */;
/*!40101 SET CHARACTER_SET_RESULTS=@OLD_CHARACTER_SET_RESULTS */;
/*!40101 SET COLLATION_CONNECTION=@OLD_COLLATION_CONNECTION */;
/*!40111 SET SQL_NOTES=@OLD_SQL_NOTES */;

-- Dump completed on 2022-06-24 15:26:02
